dataset,fold,method,n_train,n_proto,cpu_seconds,blas_threads
banana,0,RSP3,4240,1057,0.16050500000000012,1
banana,0,SPINE,4240,1057,31.432624,1
banana,0,RHC,4240,888,0.2530569999999983,1
banana,0,KMeans,4240,1057,1.8083549999999988,1
banana,0,LVQ3,4240,1057,2.657246999999998,1
banana,0,SPOT,4240,1057,0.7423539999999988,1
banana,0,GLVQ,4240,1057,89.272704,1
banana,0,GNG,4240,1057,46.507559000000015,1
banana,1,RSP3,4240,1044,0.19899599999999396,1
banana,1,SPINE,4240,1044,32.534898,1
banana,1,RHC,4240,878,0.25392299999998613,1
banana,1,KMeans,4240,1044,1.5494579999999871,1
banana,1,LVQ3,4240,1044,2.722297999999995,1
banana,1,SPOT,4240,1044,0.7683919999999773,1
banana,1,GLVQ,4240,1044,87.754988,1
banana,1,GNG,4240,1044,45.133167000000014,1
banana,2,RSP3,4240,1051,0.16985500000004095,1
banana,2,SPINE,4240,1051,31.56083799999999,1
banana,2,RHC,4240,864,0.24927600000000893,1
banana,2,KMeans,4240,1051,1.064612000000011,1
banana,2,LVQ3,4240,1051,2.6562580000000366,1
banana,2,SPOT,4240,1051,0.7583440000000223,1
banana,2,GLVQ,4240,1051,88.089875,1
banana,2,GNG,4240,1051,45.32332600000001,1
banana,3,RSP3,4240,1049,0.1625810000000456,1
banana,3,SPINE,4240,1049,31.704743000000008,1
banana,3,RHC,4240,885,0.2556459999999561,1
banana,3,KMeans,4240,1049,1.8500099999999975,1
banana,3,LVQ3,4240,1049,2.6712629999999535,1
banana,3,SPOT,4240,1049,0.7798549999999977,1
banana,3,GLVQ,4240,1049,88.04177000000004,1
banana,3,GNG,4240,1049,45.321376999999984,1
banana,4,RSP3,4240,1045,0.1745059999999512,1
banana,4,SPINE,4240,1045,31.77308999999991,1
banana,4,RHC,4240,867,0.25022599999999784,1
banana,4,KMeans,4240,1045,2.337808999999993,1
banana,4,LVQ3,4240,1045,2.6483799999999746,1
banana,4,SPOT,4240,1045,0.7347120000000587,1
banana,4,GLVQ,4240,1045,87.52787000000001,1
banana,4,GNG,4240,1045,45.06752099999994,1
eeg-eye-state,0,RSP3,11984,5298,4.295596000000046,1
eeg-eye-state,0,SPINE,11984,5298,2965.656213,1
eeg-eye-state,0,RHC,11984,2131,0.6745689999997921,1
eeg-eye-state,0,KMeans,11984,5298,12.964158000000225,1
eeg-eye-state,0,LVQ3,11984,5298,50.33930599999985,1
eeg-eye-state,0,SPOT,11984,5298,3.6421980000000076,1
eeg-eye-state,0,GLVQ,11984,5298,1247.1526179999996,1
eeg-eye-state,0,GNG,11984,5298,1128.7908160000006,1
eeg-eye-state,1,RSP3,11984,5975,4.2104929999995875,1
eeg-eye-state,1,SPINE,11984,5975,3750.0382649999992,1
eeg-eye-state,1,RHC,11984,2973,0.898548999999548,1
eeg-eye-state,1,KMeans,11984,5975,19.20065599999907,1
eeg-eye-state,1,LVQ3,11984,5975,56.65603899999951,1
eeg-eye-state,1,SPOT,11984,5975,3.943742999999813,1
eeg-eye-state,1,GLVQ,11984,5975,1411.6198339999992,1
eeg-eye-state,1,GNG,11984,5975,1451.372143999999,1
eeg-eye-state,2,RSP3,11984,4949,3.8836300000002666,1
eeg-eye-state,2,SPINE,11984,4949,2538.1592759999985,1
eeg-eye-state,2,RHC,11984,2088,0.6598909999993339,1
eeg-eye-state,2,KMeans,11984,4949,14.18365300000005,1
eeg-eye-state,2,LVQ3,11984,4949,46.994894999999815,1
eeg-eye-state,2,SPOT,11984,4949,3.69145700000081,1
eeg-eye-state,2,GLVQ,11984,4949,1166.757190000002,1
eeg-eye-state,2,GNG,11984,4949,988.4038629999995,1
eeg-eye-state,3,RSP3,11984,5992,3.7577170000004116,1
eeg-eye-state,3,SPINE,11984,5992,3838.9988349999985,1
eeg-eye-state,3,RHC,11984,3091,0.9422290000002249,1
eeg-eye-state,3,KMeans,11984,5992,17.304330999999365,1
eeg-eye-state,3,LVQ3,11984,5992,63.27895599999829,1
eeg-eye-state,3,SPOT,11984,5992,4.371242000001075,1
eeg-eye-state,3,GLVQ,11984,5992,1408.3601540000018,1
eeg-eye-state,3,GNG,11984,5992,1459.212994999998,1
eeg-eye-state,4,RSP3,11984,5482,3.8032990000028803,1
eeg-eye-state,4,SPINE,11984,5482,3199.6734099999994,1
eeg-eye-state,4,RHC,11984,2553,0.7801060000019788,1
eeg-eye-state,4,KMeans,11984,5482,13.583775999999489,1
eeg-eye-state,4,LVQ3,11984,5482,50.86880700000256,1
eeg-eye-state,4,SPOT,11984,5482,3.704416000000492,1
eeg-eye-state,4,GLVQ,11984,5482,1289.908879999999,1
eeg-eye-state,4,GNG,11984,5482,1224.2395340000003,1
ionosphere,0,RSP3,280,100,0.005575999999564374,1
ionosphere,0,SPINE,280,100,0.25782499999695574,1
ionosphere,0,RHC,280,36,0.012318999997660285,1
ionosphere,0,KMeans,280,100,0.036406999999599066,1
ionosphere,0,LVQ3,280,100,0.09058300000106101,1
ionosphere,0,SPOT,280,100,0.00828199999887147,1
ionosphere,0,GLVQ,280,100,0.6359349999984261,1
ionosphere,0,GNG,280,100,0.6763430000028166,1
ionosphere,1,RSP3,281,86,0.0035930000012740493,1
ionosphere,1,SPINE,281,86,0.23467800000071293,1
ionosphere,1,RHC,281,25,0.007981000002473593,1
ionosphere,1,KMeans,281,86,0.030641000001196517,1
ionosphere,1,LVQ3,281,86,0.07537100000263308,1
ionosphere,1,SPOT,281,86,0.00720999999975902,1
ionosphere,1,GLVQ,281,86,0.5614409999980126,1
ionosphere,1,GNG,281,86,0.5309830000005604,1
ionosphere,2,RSP3,281,106,0.0039410000026691705,1
ionosphere,2,SPINE,281,106,0.2638809999989462,1
ionosphere,2,RHC,281,29,0.008916999999200925,1
ionosphere,2,KMeans,281,106,0.037774000000354135,1
ionosphere,2,LVQ3,281,106,0.09178099999917322,1
ionosphere,2,SPOT,281,106,0.007767999999487074,1
ionosphere,2,GLVQ,281,106,0.6740570000001753,1
ionosphere,2,GNG,281,106,0.7530850000002829,1
ionosphere,3,RSP3,281,86,0.003581000000849599,1
ionosphere,3,SPINE,281,86,0.2320129999970959,1
ionosphere,3,RHC,281,26,0.008484999998472631,1
ionosphere,3,KMeans,281,86,0.030761999998503597,1
ionosphere,3,LVQ3,281,86,0.07143499999801861,1
ionosphere,3,SPOT,281,86,0.00705299999754061,1
ionosphere,3,GLVQ,281,86,0.5604380000004312,1
ionosphere,3,GNG,281,86,0.5370250000014494,1
ionosphere,4,RSP3,281,90,0.003736000002390938,1
ionosphere,4,SPINE,281,90,0.23674899999969057,1
ionosphere,4,RHC,281,35,0.011016999997082166,1
ionosphere,4,KMeans,281,90,0.03253699999913806,1
ionosphere,4,LVQ3,281,90,0.07488499999817577,1
ionosphere,4,SPOT,281,90,0.007288000000698958,1
ionosphere,4,GLVQ,281,90,0.583055000002787,1
ionosphere,4,GNG,281,90,0.5905490000004647,1
letter,0,RSP3,16000,6180,2.893967000003613,1
letter,0,SPINE,16000,6180,200.55665099999896,1
letter,0,RHC,16000,2093,0.35193400000207475,1
letter,0,KMeans,16000,6180,3.1317789999993693,1
letter,0,LVQ3,16000,6180,86.77550999999949,1
letter,0,SPOT,16000,6180,7.15647700000045,1
letter,0,GLVQ,16000,6180,1936.156676999999,1
letter,0,GNG,16000,6180,122.62150800000018,1
letter,1,RSP3,16000,6170,3.0299919999997655,1
letter,1,SPINE,16000,6170,190.12539999999717,1
letter,1,RHC,16000,2046,0.3296390000032261,1
letter,1,KMeans,16000,6170,3.0114490000050864,1
letter,1,LVQ3,16000,6170,85.65553600000567,1
letter,1,SPOT,16000,6170,6.4715240000005,1
letter,1,GLVQ,16000,6170,1944.0986800000028,1
letter,1,GNG,16000,6170,123.91924799999833,1
letter,2,RSP3,16000,6246,3.3431740000014543,1
letter,2,SPINE,16000,6246,199.64658100000088,1
letter,2,RHC,16000,2051,0.3258360000036191,1
letter,2,KMeans,16000,6246,3.069063000002643,1
letter,2,LVQ3,16000,6246,87.6488379999937,1
letter,2,SPOT,16000,6246,6.115246000001207,1
letter,2,GLVQ,16000,6246,1947.1538480000017,1
letter,2,GNG,16000,6246,126.14187500000116,1
letter,3,RSP3,16000,6224,3.155942999997933,1
letter,3,SPINE,16000,6224,197.80176900000515,1
letter,3,RHC,16000,2076,0.35826999999699183,1
letter,3,KMeans,16000,6224,3.076404999999795,1
letter,3,LVQ3,16000,6224,87.88171799999691,1
letter,3,SPOT,16000,6224,6.607540000004519,1
letter,3,GLVQ,16000,6224,1944.5089519999965,1
letter,3,GNG,16000,6224,126.8493909999961,1
letter,4,RSP3,16000,6197,3.383560000002035,1
letter,4,SPINE,16000,6197,198.9079150000034,1
letter,4,RHC,16000,2093,0.3440260000061244,1
letter,4,KMeans,16000,6197,3.202300999997533,1
letter,4,LVQ3,16000,6197,88.7972179999997,1
letter,4,SPOT,16000,6197,6.311052000004565,1
letter,4,GLVQ,16000,6197,1944.4486230000039,1
letter,4,GNG,16000,6197,122.91666399999667,1
magic,0,RSP3,15216,6503,3.491160999998101,1
magic,0,SPINE,15216,6503,6414.710550000003,1
magic,0,RHC,15216,3087,0.9329660000003059,1
magic,0,KMeans,15216,6503,25.193155999993905,1
magic,0,LVQ3,15216,6503,62.15453200000047,1
magic,0,SPOT,15216,6503,5.297859000005701,1
magic,0,GLVQ,15216,6503,1939.4647620000032,1
magic,0,GNG,15216,6503,1885.777396999998,1
magic,1,RSP3,15216,6427,5.100844000000507,1
magic,1,SPINE,15216,6427,6015.424577999998,1
magic,1,RHC,15216,3014,0.9026489999960177,1
magic,1,KMeans,15216,6427,21.791756999999052,1
magic,1,LVQ3,15216,6427,61.40655700000207,1
magic,1,SPOT,15216,6427,5.759101999996346,1
magic,1,GLVQ,15216,6427,1903.7882109999991,1
magic,1,GNG,15216,6427,1845.1891099999993,1
magic,2,RSP3,15216,6431,2.8606479999943986,1
magic,2,SPINE,15216,6431,5985.371354000003,1
magic,2,RHC,15216,3098,0.9243710000009742,1
magic,2,KMeans,15216,6431,25.039592000000994,1
magic,2,LVQ3,15216,6431,61.7748530000099,1
magic,2,SPOT,15216,6431,5.281698000006145,1
magic,2,GLVQ,15216,6431,1906.8396710000088,1
magic,2,GNG,15216,6431,1846.036208000005,1
magic,3,RSP3,15216,6412,6.245827000006102,1
magic,3,SPINE,15216,6412,5972.764039999995,1
magic,3,RHC,15216,3048,0.9152380000014091,1
magic,3,KMeans,15216,6412,21.940661000000546,1
magic,3,LVQ3,15216,6412,61.30861399999412,1
magic,3,SPOT,15216,6412,5.4787429999996675,1
magic,3,GLVQ,15216,6412,1900.9311889999954,1
magic,3,GNG,15216,6412,1841.6580230000109,1
magic,4,RSP3,15216,6384,6.84104899999511,1
magic,4,SPINE,15216,6384,6409.151994,1
magic,4,RHC,15216,3121,0.9321119999949588,1
magic,4,KMeans,15216,6384,24.71296400000574,1
magic,4,LVQ3,15216,6384,65.99974500000826,1
magic,4,SPOT,15216,6384,5.522186000001966,1
magic,4,GLVQ,15216,6384,1889.2073749999981,1
magic,4,GNG,15216,6384,1825.1848489999975,1
penbased,0,RSP3,8793,947,1.1197859999956563,1
penbased,0,SPINE,8793,947,15.654467999993358,1
penbased,0,RHC,8793,288,0.07420899999851827,1
penbased,0,KMeans,8793,947,0.7852600000042003,1
penbased,0,LVQ3,8793,947,8.233889000010095,1
penbased,0,SPOT,8793,947,1.798865000004298,1
penbased,0,GLVQ,8793,947,165.3874199999991,1
penbased,0,GNG,8793,947,10.488656999994419,1
penbased,1,RSP3,8793,959,1.0203939999919385,1
penbased,1,SPINE,8793,959,15.561160000012023,1
penbased,1,RHC,8793,282,0.07264399999985471,1
penbased,1,KMeans,8793,959,0.6302279999945313,1
penbased,1,LVQ3,8793,959,7.987605999995139,1
penbased,1,SPOT,8793,959,1.7303160000010394,1
penbased,1,GLVQ,8793,959,167.74391099999775,1
penbased,1,GNG,8793,959,10.64361500000814,1
penbased,2,RSP3,8794,927,1.052477999997791,1
penbased,2,SPINE,8794,927,15.172414000000572,1
penbased,2,RHC,8794,310,0.07968399999663234,1
penbased,2,KMeans,8794,927,0.6330420000012964,1
penbased,2,LVQ3,8794,927,7.822434999994584,1
penbased,2,SPOT,8794,927,1.7142220000096131,1
penbased,2,GLVQ,8794,927,160.9008759999997,1
penbased,2,GNG,8794,927,9.797776000006706,1
penbased,3,RSP3,8794,964,1.1065749999979744,1
penbased,3,SPINE,8794,964,15.90998799999943,1
penbased,3,RHC,8794,308,0.0821260000084294,1
penbased,3,KMeans,8794,964,0.6497169999929611,1
penbased,3,LVQ3,8794,964,8.074429000000237,1
penbased,3,SPOT,8794,964,1.8097839999973075,1
penbased,3,GLVQ,8794,964,167.25334999999905,1
penbased,3,GNG,8794,964,10.576413000002503,1
penbased,4,RSP3,8794,956,0.9509600000019418,1
penbased,4,SPINE,8794,956,15.926594000004116,1
penbased,4,RHC,8794,334,0.08929700001317542,1
penbased,4,KMeans,8794,956,0.6542730000073789,1
penbased,4,LVQ3,8794,956,8.08203200000571,1
penbased,4,SPOT,8794,956,1.7825250000023516,1
penbased,4,GLVQ,8794,956,166.6537970000063,1
penbased,4,GNG,8794,956,10.577702999988105,1
phoneme,0,RSP3,4323,1334,0.23160700000880752,1
phoneme,0,SPINE,4323,1334,79.69521499999973,1
phoneme,0,RHC,4323,836,0.2449800000031246,1
phoneme,0,KMeans,4323,1334,2.3564119999937247,1
phoneme,0,LVQ3,4323,1334,3.580373000004329,1
phoneme,0,SPOT,4323,1334,0.6265149999962887,1
phoneme,0,GLVQ,4323,1334,112.98969300001045,1
phoneme,0,GNG,4323,1334,80.41018899998744,1
phoneme,1,RSP3,4323,1328,0.24095700000179932,1
phoneme,1,SPINE,4323,1328,78.90653900000325,1
phoneme,1,RHC,4323,854,0.24943399999756366,1
phoneme,1,KMeans,4323,1328,2.6880440000095405,1
phoneme,1,LVQ3,4323,1328,3.585942999998224,1
phoneme,1,SPOT,4323,1328,0.6229800000000978,1
phoneme,1,GLVQ,4323,1328,113.05241699999897,1
phoneme,1,GNG,4323,1328,82.29059499999858,1
phoneme,2,RSP3,4323,1286,0.2509779999963939,1
phoneme,2,SPINE,4323,1286,75.1156869999977,1
phoneme,2,RHC,4323,850,0.24689300000318326,1
phoneme,2,KMeans,4323,1286,1.4116470000008121,1
phoneme,2,LVQ3,4323,1286,3.48275699999067,1
phoneme,2,SPOT,4323,1286,0.6156300000002375,1
phoneme,2,GLVQ,4323,1286,109.07748799999536,1
phoneme,2,GNG,4323,1286,75.9311519999901,1
phoneme,3,RSP3,4323,1317,0.20956700001261197,1
phoneme,3,SPINE,4323,1317,78.73707200000354,1
phoneme,3,RHC,4323,834,0.2415610000025481,1
phoneme,3,KMeans,4323,1317,1.9362700000056066,1
phoneme,3,LVQ3,4323,1317,3.5429539999895496,1
phoneme,3,SPOT,4323,1317,0.617484999995213,1
phoneme,3,GLVQ,4323,1317,111.36557599999651,1
phoneme,3,GNG,4323,1317,78.13949099999445,1
phoneme,4,RSP3,4324,1310,0.2315330000128597,1
phoneme,4,SPINE,4324,1310,77.15352500000154,1
phoneme,4,RHC,4324,837,0.2426290000003064,1
phoneme,4,KMeans,4324,1310,2.1459319999994477,1
phoneme,4,LVQ3,4324,1310,3.5155110000050627,1
phoneme,4,SPOT,4324,1310,0.6491410000016913,1
phoneme,4,GLVQ,4324,1310,110.99341700000514,1
phoneme,4,GNG,4324,1310,78.14747599999828,1
ring,0,RSP3,5920,2580,0.43334600000525825,1
ring,0,SPINE,5920,2580,323.12928499998816,1
ring,0,RHC,5920,583,0.2024410000012722,1
ring,0,KMeans,5920,2580,3.4636459999892395,1
ring,0,LVQ3,5920,2580,16.800239999996847,1
ring,0,SPOT,5920,2580,0.931972999998834,1
ring,0,GLVQ,5920,2580,298.86091599999054,1
ring,0,GNG,5920,2580,311.0727199999965,1
ring,1,RSP3,5920,2636,0.4290420000033919,1
ring,1,SPINE,5920,2636,339.482560000004,1
ring,1,RHC,5920,557,0.1951779999944847,1
ring,1,KMeans,5920,2636,3.563257000001613,1
ring,1,LVQ3,5920,2636,16.304073999999673,1
ring,1,SPOT,5920,2636,0.9323440000007395,1
ring,1,GLVQ,5920,2636,306.45557499999995,1
ring,1,GNG,5920,2636,315.2087360000005,1
ring,2,RSP3,5920,2599,0.4176620000071125,1
ring,2,SPINE,5920,2599,330.4394400000019,1
ring,2,RHC,5920,573,0.20404200001212303,1
ring,2,KMeans,5920,2599,3.6650770000123885,1
ring,2,LVQ3,5920,2599,17.094645999997738,1
ring,2,SPOT,5920,2599,0.9837249999982305,1
ring,2,GLVQ,5920,2599,302.14528599999903,1
ring,2,GNG,5920,2599,318.08799299999373,1
ring,3,RSP3,5920,2577,0.3725269999995362,1
ring,3,SPINE,5920,2577,302.28771200000483,1
ring,3,RHC,5920,591,0.20825999999942724,1
ring,3,KMeans,5920,2577,3.4926869999908376,1
ring,3,LVQ3,5920,2577,15.058033000008436,1
ring,3,SPOT,5920,2577,0.9145360000111395,1
ring,3,GLVQ,5920,2577,300.039689000012,1
ring,3,GNG,5920,2577,304.83482699999877,1
ring,4,RSP3,5920,2593,0.35809699998935685,1
ring,4,SPINE,5920,2593,306.2664420000074,1
ring,4,RHC,5920,559,0.19755699999222998,1
ring,4,KMeans,5920,2593,3.75508400000399,1
ring,4,LVQ3,5920,2593,15.25770800000464,1
ring,4,SPOT,5920,2593,0.9360169999999925,1
ring,4,GLVQ,5920,2593,300.78392899999744,1
ring,4,GNG,5920,2593,314.82335299999977,1
satimage,0,RSP3,5148,1425,0.31233099999371916,1
satimage,0,SPINE,5148,1425,27.79662899998948,1
satimage,0,RHC,5148,540,0.13751099999353755,1
satimage,0,KMeans,5148,1425,1.0456909999920754,1
satimage,0,LVQ3,5148,1425,11.822423000005074,1
satimage,0,SPOT,5148,1425,0.7043919999996433,1
satimage,0,GLVQ,5148,1425,145.3455069999909,1
satimage,0,GNG,5148,1425,41.12127699999837,1
satimage,1,RSP3,5148,1384,0.29800799999793526,1
satimage,1,SPINE,5148,1384,26.353766000000178,1
satimage,1,RHC,5148,529,0.1401040000055218,1
satimage,1,KMeans,5148,1384,1.9135780000069644,1
satimage,1,LVQ3,5148,1384,11.282317999997758,1
satimage,1,SPOT,5148,1384,0.7165850000019418,1
satimage,1,GLVQ,5148,1384,141.4869689999905,1
satimage,1,GNG,5148,1384,33.74353799999517,1
satimage,2,RSP3,5148,1427,0.3014640000037616,1
satimage,2,SPINE,5148,1427,27.63523400000122,1
satimage,2,RHC,5148,522,0.13419500000600237,1
satimage,2,KMeans,5148,1427,1.0724279999994906,1
satimage,2,LVQ3,5148,1427,11.623709000006784,1
satimage,2,SPOT,5148,1427,0.7331029999913881,1
satimage,2,GLVQ,5148,1427,145.4493550000043,1
satimage,2,GNG,5148,1427,36.28585299999395,1
satimage,3,RSP3,5148,1418,0.2990180000051623,1
satimage,3,SPINE,5148,1418,27.288847999996506,1
satimage,3,RHC,5148,521,0.1371250000083819,1
satimage,3,KMeans,5148,1418,1.026596999989124,1
satimage,3,LVQ3,5148,1418,11.723967999991146,1
satimage,3,SPOT,5148,1418,0.7011849999980768,1
satimage,3,GLVQ,5148,1418,144.87867799999367,1
satimage,3,GNG,5148,1418,39.28567899999325,1
satimage,4,RSP3,5148,1406,0.29706199999782257,1
satimage,4,SPINE,5148,1406,27.075912000000244,1
satimage,4,RHC,5148,531,0.13575600000331178,1
satimage,4,KMeans,5148,1406,1.652035999999498,1
satimage,4,LVQ3,5148,1406,11.486691999991308,1
satimage,4,SPOT,5148,1406,0.7077359999966575,1
satimage,4,GLVQ,5148,1406,143.5053190000035,1
satimage,4,GNG,5148,1406,39.24875600000087,1
segment,0,RSP3,1848,377,0.09580899999127723,1
segment,0,SPINE,1848,377,1.8007999999972526,1
segment,0,RHC,1848,182,0.04065699999046046,1
segment,0,KMeans,1848,377,0.13685300000361167,1
segment,0,LVQ3,1848,377,0.9285620000009658,1
segment,0,SPOT,1848,377,0.1574339999933727,1
segment,0,GLVQ,1848,377,14.141490999987582,1
segment,0,GNG,1848,377,2.319633999999496,1
segment,1,RSP3,1848,373,0.09128800001053605,1
segment,1,SPINE,1848,373,1.8141739999991842,1
segment,1,RHC,1848,163,0.03718099999241531,1
segment,1,KMeans,1848,373,0.1357340000104159,1
segment,1,LVQ3,1848,373,0.920533999989857,1
segment,1,SPOT,1848,373,0.15606599999591708,1
segment,1,GLVQ,1848,373,14.06562500000291,1
segment,1,GNG,1848,373,2.294068999995943,1
segment,2,RSP3,1848,379,0.09832599999208469,1
segment,2,SPINE,1848,379,1.815612999998848,1
segment,2,RHC,1848,165,0.03652999999758322,1
segment,2,KMeans,1848,379,0.13751000000047497,1
segment,2,LVQ3,1848,379,0.9276490000047488,1
segment,2,SPOT,1848,379,0.16040500000235625,1
segment,2,GLVQ,1848,379,14.170219999999972,1
segment,2,GNG,1848,379,2.3084929999895394,1
segment,3,RSP3,1848,378,0.07678299999679439,1
segment,3,SPINE,1848,378,1.8878809999878285,1
segment,3,RHC,1848,166,0.037045999997644685,1
segment,3,KMeans,1848,378,0.1385080000036396,1
segment,3,LVQ3,1848,378,0.9167540000053123,1
segment,3,SPOT,1848,378,0.16155699999944773,1
segment,3,GLVQ,1848,378,14.149653000000399,1
segment,3,GNG,1848,378,2.307033000004594,1
segment,4,RSP3,1848,363,0.08784899998863693,1
segment,4,SPINE,1848,363,1.8681030000007013,1
segment,4,RHC,1848,155,0.03494100000534672,1
segment,4,KMeans,1848,363,0.13436300000466872,1
segment,4,LVQ3,1848,363,0.9057160000083968,1
segment,4,SPOT,1848,363,0.15782300000137184,1
segment,4,GLVQ,1848,363,13.66433899999538,1
segment,4,GNG,1848,363,2.2615890000015497,1
sonar,0,RSP3,166,81,0.0032519999949727207,1
sonar,0,SPINE,166,81,0.1567170000053011,1
sonar,0,RHC,166,20,0.0064470000070286915,1
sonar,0,KMeans,166,81,0.026470000011613593,1
sonar,0,LVQ3,166,81,0.0621850000025006,1
sonar,0,SPOT,166,81,0.005713999998988584,1
sonar,0,GLVQ,166,81,0.31908600000315346,1
sonar,0,GNG,166,81,0.4684479999996256,1
sonar,1,RSP3,166,78,0.0026639999996405095,1
sonar,1,SPINE,166,78,0.15134199999738485,1
sonar,1,RHC,166,19,0.0059920000057900324,1
sonar,1,KMeans,166,78,0.025775999994948506,1
sonar,1,LVQ3,166,78,0.06102900000405498,1
sonar,1,SPOT,166,78,0.0051909999892814085,1
sonar,1,GLVQ,166,78,0.30970199999865144,1
sonar,1,GNG,166,78,0.4393299999937881,1
sonar,2,RSP3,166,77,0.0024950000079115853,1
sonar,2,SPINE,166,77,0.15284200001042336,1
sonar,2,RHC,166,20,0.006214999986696057,1
sonar,2,KMeans,166,77,0.025297999993199483,1
sonar,2,LVQ3,166,77,0.06010600000445265,1
sonar,2,SPOT,166,77,0.005463000008603558,1
sonar,2,GLVQ,166,77,0.3051229999982752,1
sonar,2,GNG,166,77,0.4342739999992773,1
sonar,3,RSP3,167,71,0.0023970000038389117,1
sonar,3,SPINE,167,71,0.14254499999515247,1
sonar,3,RHC,167,21,0.006596999999601394,1
sonar,3,KMeans,167,71,0.023370000009890646,1
sonar,3,LVQ3,167,71,0.05742599999939557,1
sonar,3,SPOT,167,71,0.005078000001958571,1
sonar,3,GLVQ,167,71,0.2873749999998836,1
sonar,3,GNG,167,71,0.3811050000076648,1
sonar,4,RSP3,167,87,0.002690000008442439,1
sonar,4,SPINE,167,87,0.163170000014361,1
sonar,4,RHC,167,16,0.00499600000330247,1
sonar,4,KMeans,167,87,0.028279000005568378,1
sonar,4,LVQ3,167,87,0.06519799999659881,1
sonar,4,SPOT,167,87,0.005804000000352971,1
sonar,4,GLVQ,167,87,0.3403519999992568,1
sonar,4,GNG,167,87,0.5187989999976708,1
spambase,0,RSP3,3677,1145,0.578047000002698,1
spambase,0,SPINE,3677,1145,53.89919999999984,1
spambase,0,RHC,3677,406,0.15649500000290573,1
spambase,0,KMeans,3677,1145,1.4219129999983124,1
spambase,0,LVQ3,3677,1145,10.146091999995406,1
spambase,0,SPOT,3677,1145,0.3579370000079507,1
spambase,0,GLVQ,3677,1145,84.70918400000664,1
spambase,0,GNG,3677,1145,18.56382000001031,1
spambase,1,RSP3,3677,1097,0.5241229999955976,1
spambase,1,SPINE,3677,1097,50.50068800000008,1
spambase,1,RHC,3677,394,0.1596540000027744,1
spambase,1,KMeans,3677,1097,1.5087119999952847,1
spambase,1,LVQ3,3677,1097,9.652746000007028,1
spambase,1,SPOT,3677,1097,0.3274210000090534,1
spambase,1,GLVQ,3677,1097,81.31740600000194,1
spambase,1,GNG,3677,1097,17.835646000006818,1
spambase,2,RSP3,3678,1124,0.6154000000096858,1
spambase,2,SPINE,3678,1124,51.93446300001233,1
spambase,2,RHC,3678,406,0.1568520000000717,1
spambase,2,KMeans,3678,1124,1.2887380000029225,1
spambase,2,LVQ3,3678,1124,9.893756999998004,1
spambase,2,SPOT,3678,1124,0.3351390000025276,1
spambase,2,GLVQ,3678,1124,82.74904100000276,1
spambase,2,GNG,3678,1124,18.204642000011518,1
spambase,3,RSP3,3678,1069,0.6127179999893997,1
spambase,3,SPINE,3678,1069,47.92879499999981,1
spambase,3,RHC,3678,393,0.1571049999911338,1
spambase,3,KMeans,3678,1069,1.2946289999963483,1
spambase,3,LVQ3,3678,1069,9.397140999994008,1
spambase,3,SPOT,3678,1069,0.32397800000035204,1
spambase,3,GLVQ,3678,1069,79.42299700000149,1
spambase,3,GNG,3678,1069,17.154238000002806,1
spambase,4,RSP3,3678,1112,0.6079940000054194,1
spambase,4,SPINE,3678,1112,51.00767199999245,1
spambase,4,RHC,3678,426,0.16618699999526143,1
spambase,4,KMeans,3678,1112,2.0394020000094315,1
spambase,4,LVQ3,3678,1112,9.836008000012953,1
spambase,4,SPOT,3678,1112,0.3284129999956349,1
spambase,4,GLVQ,3678,1112,82.1748399999924,1
spambase,4,GNG,3678,1112,18.33713300000818,1
texture,0,RSP3,4400,838,0.2506099999882281,1
texture,0,SPINE,4400,838,7.4620169999980135,1
texture,0,RHC,4400,251,0.05647799999860581,1
texture,0,KMeans,4400,838,0.3518460000050254,1
texture,0,LVQ3,4400,838,6.490034000002197,1
texture,0,SPOT,4400,838,0.5547289999958593,1
texture,0,GLVQ,4400,838,73.67518999999447,1
texture,0,GNG,4400,838,7.543938999995589,1
texture,1,RSP3,4400,801,0.22969100000045728,1
texture,1,SPINE,4400,801,6.969023000012385,1
texture,1,RHC,4400,250,0.0530060000019148,1
texture,1,KMeans,4400,801,0.33699900000647176,1
texture,1,LVQ3,4400,801,6.054631999999401,1
texture,1,SPOT,4400,801,0.5488800000021001,1
texture,1,GLVQ,4400,801,70.32822700000543,1
texture,1,GNG,4400,801,7.076590999990003,1
texture,2,RSP3,4400,815,0.24644699999771547,1
texture,2,SPINE,4400,815,7.426980000003823,1
texture,2,RHC,4400,244,0.054684000002453104,1
texture,2,KMeans,4400,815,0.35535199999867473,1
texture,2,LVQ3,4400,815,6.162192000003415,1
texture,2,SPOT,4400,815,0.5529390000010608,1
texture,2,GLVQ,4400,815,71.85256300000765,1
texture,2,GNG,4400,815,7.207664000001387,1
texture,3,RSP3,4400,822,0.23797700001159683,1
texture,3,SPINE,4400,822,7.379757000002428,1
texture,3,RHC,4400,249,0.06250500000896864,1
texture,3,KMeans,4400,822,0.34881500000483356,1
texture,3,LVQ3,4400,822,6.218934000004083,1
texture,3,SPOT,4400,822,0.5428530000062892,1
texture,3,GLVQ,4400,822,72.23106799999368,1
texture,3,GNG,4400,822,7.4357489999965765,1
texture,4,RSP3,4400,760,0.24267399999371264,1
texture,4,SPINE,4400,760,6.635989999995218,1
texture,4,RHC,4400,257,0.06094700000539888,1
texture,4,KMeans,4400,760,0.3242880000034347,1
texture,4,LVQ3,4400,760,5.8893239999888465,1
texture,4,SPOT,4400,760,0.5445860000036191,1
texture,4,GLVQ,4400,760,67.08920699999726,1
texture,4,GNG,4400,760,6.5441460000001825,1
twonorm,0,RSP3,5920,868,0.29006300000764895,1
twonorm,0,SPINE,5920,868,35.1420780000044,1
twonorm,0,RHC,5920,182,0.07810300000710413,1
twonorm,0,KMeans,5920,868,1.624246999999741,1
twonorm,0,LVQ3,5920,868,5.126079999987269,1
twonorm,0,SPOT,5920,868,0.7231949999986682,1
twonorm,0,GLVQ,5920,868,101.81563700000697,1
twonorm,0,GNG,5920,868,43.76214199999231,1
twonorm,1,RSP3,5920,915,0.28941800000029616,1
twonorm,1,SPINE,5920,915,38.29029900000023,1
twonorm,1,RHC,5920,193,0.08647000000928529,1
twonorm,1,KMeans,5920,915,1.2954400000016904,1
twonorm,1,LVQ3,5920,915,5.360382000013487,1
twonorm,1,SPOT,5920,915,0.7037390000041341,1
twonorm,1,GLVQ,5920,915,107.90066400000069,1
twonorm,1,GNG,5920,915,46.2591650000104,1
twonorm,2,RSP3,5920,908,0.29204200000094716,1
twonorm,2,SPINE,5920,908,38.375832000005175,1
twonorm,2,RHC,5920,206,0.09281000000191852,1
twonorm,2,KMeans,5920,908,1.2757039999996778,1
twonorm,2,LVQ3,5920,908,5.3323139999993145,1
twonorm,2,SPOT,5920,908,0.7597919999971054,1
twonorm,2,GLVQ,5920,908,106.3709830000007,1
twonorm,2,GNG,5920,908,50.11460300000908,1
twonorm,3,RSP3,5920,988,0.31440799999109004,1
twonorm,3,SPINE,5920,988,44.848858000012115,1
twonorm,3,RHC,5920,192,0.0906680000043707,1
twonorm,3,KMeans,5920,988,1.7618559999973513,1
twonorm,3,LVQ3,5920,988,5.704177999999956,1
twonorm,3,SPOT,5920,988,0.7364850000012666,1
twonorm,3,GLVQ,5920,988,116.30752899999788,1
twonorm,3,GNG,5920,988,55.344865999999456,1
twonorm,4,RSP3,5920,924,0.3208439999871189,1
twonorm,4,SPINE,5920,924,39.62188999999489,1
twonorm,4,RHC,5920,182,0.07871799998974893,1
twonorm,4,KMeans,5920,924,1.2894499999965774,1
twonorm,4,LVQ3,5920,924,5.378754999997909,1
twonorm,4,SPOT,5920,924,0.7080120000027819,1
twonorm,4,GLVQ,5920,924,108.37606299998879,1
twonorm,4,GNG,5920,924,48.97748599998886,1
waveform,0,RSP3,4000,2246,0.19545099999231752,1
waveform,0,SPINE,4000,2246,100.2345159999968,1
waveform,0,RHC,4000,333,0.11683800000173505,1
waveform,0,KMeans,4000,2246,1.8959800000011455,1
waveform,0,LVQ3,4000,2246,16.01209099999687,1
waveform,0,SPOT,4000,2246,0.41323400000692345,1
waveform,0,GLVQ,4000,2246,177.09368799999356,1
waveform,0,GNG,4000,2246,153.4340460000094,1
waveform,1,RSP3,4000,2271,0.1852460000081919,1
waveform,1,SPINE,4000,2271,102.50037099998735,1
waveform,1,RHC,4000,350,0.1225269999995362,1
waveform,1,KMeans,4000,2271,3.892701999997371,1
waveform,1,LVQ3,4000,2271,16.117402000003494,1
waveform,1,SPOT,4000,2271,0.41675400000531226,1
waveform,1,GLVQ,4000,2271,179.0100999999995,1
waveform,1,GNG,4000,2271,169.05660100000387,1
waveform,2,RSP3,4000,2310,0.1832049999939045,1
waveform,2,SPINE,4000,2310,105.57072699999844,1
waveform,2,RHC,4000,347,0.1219110000092769,1
waveform,2,KMeans,4000,2310,4.164251000009244,1
waveform,2,LVQ3,4000,2310,16.923624000002746,1
waveform,2,SPOT,4000,2310,0.4460819999949308,1
waveform,2,GLVQ,4000,2310,182.54306999999972,1
waveform,2,GNG,4000,2310,168.72323000000324,1
waveform,3,RSP3,4000,2259,0.1954400000104215,1
waveform,3,SPINE,4000,2259,101.62197300000116,1
waveform,3,RHC,4000,327,0.11883099999977276,1
waveform,3,KMeans,4000,2259,1.9770879999996396,1
waveform,3,LVQ3,4000,2259,16.043009999993956,1
waveform,3,SPOT,4000,2259,0.40967300000193063,1
waveform,3,GLVQ,4000,2259,177.9691940000048,1
waveform,3,GNG,4000,2259,159.59592300000077,1
waveform,4,RSP3,4000,2315,0.18202900000324007,1
waveform,4,SPINE,4000,2315,105.72491900000023,1
waveform,4,RHC,4000,343,0.12038100000063423,1
waveform,4,KMeans,4000,2315,2.0058089999947697,1
waveform,4,LVQ3,4000,2315,16.514051000005566,1
waveform,4,SPOT,4000,2315,0.43146900000283495,1
waveform,4,GLVQ,4000,2315,182.59953200000746,1
waveform,4,GNG,4000,2315,171.5641079999914,1
wdbc,0,RSP3,455,78,0.005472000004374422,1
wdbc,0,SPINE,455,78,0.3286719999887282,1
wdbc,0,RHC,455,24,0.008619999993243255,1
wdbc,0,KMeans,455,78,0.031781999990926124,1
wdbc,0,LVQ3,455,78,0.11024599999655038,1
wdbc,0,SPOT,455,78,0.01631900000211317,1
wdbc,0,GLVQ,455,78,0.8345059999992372,1
wdbc,0,GNG,455,78,0.49704499999643303,1
wdbc,1,RSP3,455,74,0.005626000012853183,1
wdbc,1,SPINE,455,74,0.32244299999729265,1
wdbc,1,RHC,455,36,0.01160899999376852,1
wdbc,1,KMeans,455,74,0.03043199999956414,1
wdbc,1,LVQ3,455,74,0.10718399999313988,1
wdbc,1,SPOT,455,74,0.01656899999943562,1
wdbc,1,GLVQ,455,74,0.7986089999903925,1
wdbc,1,GNG,455,74,0.4666390000056708,1
wdbc,2,RSP3,455,85,0.005640999996103346,1
wdbc,2,SPINE,455,85,0.3338540000113426,1
wdbc,2,RHC,455,34,0.011173000006237999,1
wdbc,2,KMeans,455,85,0.034018999998806976,1
wdbc,2,LVQ3,455,85,0.1135329999960959,1
wdbc,2,SPOT,455,85,0.01638000000093598,1
wdbc,2,GLVQ,455,85,0.8954019999946468,1
wdbc,2,GNG,455,85,0.5671029999939492,1
wdbc,3,RSP3,455,78,0.0043080000032205135,1
wdbc,3,SPINE,455,78,0.3233699999982491,1
wdbc,3,RHC,455,37,0.012064000009559095,1
wdbc,3,KMeans,455,78,0.031069999997271225,1
wdbc,3,LVQ3,455,78,0.10989000000699889,1
wdbc,3,SPOT,455,78,0.016729999988456257,1
wdbc,3,GLVQ,455,78,0.8323039999959292,1
wdbc,3,GNG,455,78,0.4975679999915883,1
wdbc,4,RSP3,456,78,0.004548999990220182,1
wdbc,4,SPINE,456,78,0.3230289999919478,1
wdbc,4,RHC,456,30,0.00991999999678228,1
wdbc,4,KMeans,456,78,0.03068399999756366,1
wdbc,4,LVQ3,456,78,0.10968599999614526,1
wdbc,4,SPOT,456,78,0.016063999995822087,1
wdbc,4,GLVQ,456,78,0.8326159999996889,1
wdbc,4,GNG,456,78,0.49633300000277814,1
wine,0,RSP3,142,29,0.001105000003008172,1
wine,0,SPINE,142,29,0.0664460000116378,1
wine,0,RHC,142,6,0.0013830000098096207,1
wine,0,KMeans,142,29,0.009610000008251518,1
wine,0,LVQ3,142,29,0.02566600000136532,1
wine,0,SPOT,142,29,0.0038570000033359975,1
wine,0,GLVQ,142,29,0.1233490000013262,1
wine,0,GNG,142,29,0.08894200000213459,1
wine,1,RSP3,142,37,0.0013580000086221844,1
wine,1,SPINE,142,37,0.06913999999233056,1
wine,1,RHC,142,10,0.002550000004703179,1
wine,1,KMeans,142,37,0.011312000002362765,1
wine,1,LVQ3,142,37,0.026559000005363487,1
wine,1,SPOT,142,37,0.004023000001325272,1
wine,1,GLVQ,142,37,0.14561300000059418,1
wine,1,GNG,142,37,0.12330000000656582,1
wine,2,RSP3,142,36,0.0011780000058934093,1
wine,2,SPINE,142,36,0.06837300000188407,1
wine,2,RHC,142,10,0.00255799999285955,1
wine,2,KMeans,142,36,0.010967000009259209,1
wine,2,LVQ3,142,36,0.02618500000971835,1
wine,2,SPOT,142,36,0.004327000002376735,1
wine,2,GLVQ,142,36,0.14230800000950694,1
wine,2,GNG,142,36,0.11850500000582542,1
wine,3,RSP3,143,33,0.0010590000019874424,1
wine,3,SPINE,143,33,0.06836299999849871,1
wine,3,RHC,143,6,0.0013559999933931977,1
wine,3,KMeans,143,33,0.010420000005979091,1
wine,3,LVQ3,143,33,0.026210000010905787,1
wine,3,SPOT,143,33,0.0039059999980963767,1
wine,3,GLVQ,143,33,0.13533999999344815,1
wine,3,GNG,143,33,0.10562499999650754,1
wine,4,RSP3,143,34,0.001073000006726943,1
wine,4,SPINE,143,34,0.06917699999758042,1
wine,4,RHC,143,6,0.0013790000084554777,1
wine,4,KMeans,143,34,0.010532999993301928,1
wine,4,LVQ3,143,34,0.026257000004989095,1
wine,4,SPOT,143,34,0.0040889999945648015,1
wine,4,GLVQ,143,34,0.13784499999019317,1
wine,4,GNG,143,34,0.10999500000616536,1
