dataset,method,n_train,n_proto,cpu_seconds,blas_threads
banana,GLVQ,4240.0,1049.2,88.13744140000001,1
banana,GNG,4240.0,1049.2,45.470589999999994,1
banana,KMeans,4240.0,1049.2,1.7220487999999974,1
banana,LVQ3,4240.0,1049.2,2.6710891999999915,1
banana,RHC,4240.0,876.4,0.2524255999999895,1
banana,RSP3,4240.0,1049.2,0.17328860000000637,1
banana,SPINE,4240.0,1049.2,31.801238599999984,1
banana,SPOT,4240.0,1049.2,0.7567314000000109,1
eeg-eye-state,GLVQ,11984.0,5539.2,1304.7597352000005,1
eeg-eye-state,GNG,11984.0,5539.2,1250.4038703999995,1
eeg-eye-state,KMeans,11984.0,5539.2,15.44731479999964,1
eeg-eye-state,LVQ3,11984.0,5539.2,53.62760060000001,1
eeg-eye-state,RHC,11984.0,2567.2,0.7910688000001755,1
eeg-eye-state,RSP3,11984.0,5539.2,3.9901470000006385,1
eeg-eye-state,SPINE,11984.0,5539.2,3258.505199799999,1
eeg-eye-state,SPOT,11984.0,5539.2,3.8706112000004396,1
ionosphere,GLVQ,280.8,93.6,0.6029851999999665,1
ionosphere,GNG,280.8,93.6,0.6175970000011148,1
ionosphere,KMeans,280.8,93.6,0.03362419999975828,1
ionosphere,LVQ3,280.8,93.6,0.08081099999981234,1
ionosphere,RHC,280.8,30.2,0.00974379999897792,1
ionosphere,RSP3,280.8,93.6,0.0040854000013496265,1
ionosphere,SPINE,280.8,93.6,0.24502919999868028,1
ionosphere,SPOT,280.8,93.6,0.007520199999271426,1
letter,GLVQ,16000.0,6203.4,1943.2733560000008,1
letter,GNG,16000.0,6203.4,124.48973719999849,1
letter,KMeans,16000.0,6203.4,3.0981994000008855,1
letter,LVQ3,16000.0,6203.4,87.3517639999991,1
letter,RHC,16000.0,2071.8,0.34194100000240724,1
letter,RSP3,16000.0,6203.4,3.1613272000009602,1
letter,SPINE,16000.0,6203.4,197.4076632000011,1
letter,SPOT,16000.0,6203.4,6.532367800002248,1
magic,GLVQ,15216.0,6431.4,1908.046241600001,1
magic,GNG,15216.0,6431.4,1848.7691174000022,1
magic,KMeans,15216.0,6431.4,23.735626000000046,1
magic,LVQ3,15216.0,6431.4,62.52886020000297,1
magic,RHC,15216.0,3073.6,0.9214671999987332,1
magic,RSP3,15216.0,6431.4,4.907905799998844,1
magic,SPINE,15216.0,6431.4,6159.484503199999,1
magic,SPOT,15216.0,6431.4,5.467917600001965,1
penbased,GLVQ,8793.6,950.6,165.5878708000004,1
penbased,GNG,8793.6,950.6,10.416832799999975,1
penbased,KMeans,8793.6,950.6,0.6705040000000736,1
penbased,LVQ3,8793.6,950.6,8.040078200001153,1
penbased,RHC,8793.6,304.4,0.07959200000332203,1
penbased,RSP3,8793.6,950.6,1.0500385999970603,1
penbased,SPINE,8793.6,950.6,15.644924800001899,1
penbased,SPOT,8793.6,950.6,1.7671424000029219,1
phoneme,GLVQ,4323.2,1315.0,111.49571820000128,1
phoneme,GNG,4323.2,1315.0,78.98378059999376,1
phoneme,KMeans,4323.2,1315.0,2.1076610000018263,1
phoneme,LVQ3,4323.2,1315.0,3.541507599997567,1
phoneme,RHC,4323.2,842.2,0.2450994000013452,1
phoneme,RSP3,4323.2,1315.0,0.23292840000649448,1
phoneme,SPINE,4323.2,1315.0,77.92160760000115,1
phoneme,SPOT,4323.2,1315.0,0.6263501999987057,1
ring,GLVQ,5920.0,2597.0,301.6570789999998,1
ring,GNG,5920.0,2597.0,312.80552579999784,1
ring,KMeans,5920.0,2597.0,3.5879501999996135,1
ring,LVQ3,5920.0,2597.0,16.102940200001466,1
ring,RHC,5920.0,572.6,0.20149559999990743,1
ring,RSP3,5920.0,2597.0,0.40213480000093116,1
ring,SPINE,5920.0,2597.0,320.32108780000124,1
ring,SPOT,5920.0,2597.0,0.9397190000017872,1
satimage,GLVQ,5148.0,1412.0,144.13316559999657,1
satimage,GNG,5148.0,1412.0,37.93702059999632,1
satimage,KMeans,5148.0,1412.0,1.3420659999974305,1
satimage,LVQ3,5148.0,1412.0,11.587821999998415,1
satimage,RHC,5148.0,528.6,0.13693820000335108,1
satimage,RSP3,5148.0,1412.0,0.3015765999996802,1
satimage,SPINE,5148.0,1412.0,27.230077799997524,1
satimage,SPOT,5148.0,1412.0,0.7126001999975415,1
segment,GLVQ,1848.0,374.0,14.03826559999725,1
segment,GNG,1848.0,374.0,2.2981635999982246,1
segment,KMeans,1848.0,374.0,0.13659360000456217,1
segment,LVQ3,1848.0,374.0,0.9198430000018561,1
segment,RHC,1848.0,166.2,0.03727099999669008,1
segment,RSP3,1848.0,374.0,0.09001099999586586,1
segment,SPINE,1848.0,374.0,1.8373141999967628,1
segment,SPOT,1848.0,374.0,0.15865699999849311,1
sonar,GLVQ,166.4,78.8,0.3123275999998441,1
sonar,GNG,166.4,78.8,0.4483911999996053,1
sonar,KMeans,166.4,78.8,0.02583860000304412,1
sonar,LVQ3,166.4,78.8,0.06118880000140052,1
sonar,RHC,166.4,19.2,0.006049400000483729,1
sonar,RSP3,166.4,78.8,0.002699600002961233,1
sonar,SPINE,166.4,78.8,0.15332320000452454,1
sonar,SPOT,166.4,78.8,0.005449999999837018,1
spambase,GLVQ,3677.6,1109.4,82.07469360000104,1
spambase,GNG,3677.6,1109.4,18.019095800007925,1
spambase,KMeans,3677.6,1109.4,1.5106788000004598,1
spambase,LVQ3,3677.6,1109.4,9.78514880000148,1
spambase,RHC,3677.6,405.0,0.15925859999842942,1
spambase,RSP3,3677.6,1109.4,0.5876564000005601,1
spambase,SPINE,3677.6,1109.4,51.054163600000905,1
spambase,SPOT,3677.6,1109.4,0.3345776000031037,1
texture,GLVQ,4400.0,807.2,71.0352509999997,1
texture,GNG,4400.0,807.2,7.161617799996748,1
texture,KMeans,4400.0,807.2,0.34346000000368804,1
texture,LVQ3,4400.0,807.2,6.163023199999588,1
texture,RHC,4400.0,250.2,0.057524000003468245,1
texture,RSP3,4400.0,807.2,0.24147979999834207,1
texture,SPINE,4400.0,807.2,7.174753400002373,1
texture,SPOT,4400.0,807.2,0.5487974000017857,1
twonorm,GLVQ,5920.0,920.6,108.154175199999,1
twonorm,GNG,5920.0,920.6,48.89165240000002,1
twonorm,KMeans,5920.0,920.6,1.4493393999990076,1
twonorm,LVQ3,5920.0,920.6,5.380341799999587,1
twonorm,RHC,5920.0,191.0,0.08535380000248552,1
twonorm,RSP3,5920.0,920.6,0.3013549999974202,1
twonorm,SPINE,5920.0,920.6,39.25579140000336,1
twonorm,SPOT,5920.0,920.6,0.7262446000007913,1
waveform,GLVQ,4000.0,2280.2,179.843116800001,1
waveform,GNG,4000.0,2280.2,164.47478160000173,1
waveform,KMeans,4000.0,2280.2,2.787166000000434,1
waveform,LVQ3,4000.0,2280.2,16.322035600000525,1
waveform,RHC,4000.0,340.0,0.12009760000219102,1
waveform,RSP3,4000.0,2280.2,0.1882742000016151,1
waveform,SPINE,4000.0,2280.2,103.1305011999968,1
waveform,SPOT,4000.0,2280.2,0.4234424000023864,1
wdbc,GLVQ,455.2,78.6,0.838687399995979,1
wdbc,GNG,455.2,78.6,0.5049375999980839,1
wdbc,KMeans,455.2,78.6,0.031597399996826425,1
wdbc,LVQ3,455.2,78.6,0.11010779999778605,1
wdbc,RHC,455.2,32.2,0.01067719999991823,1
wdbc,RSP3,455.2,78.6,0.005119200001354329,1
wdbc,SPINE,455.2,78.6,0.32627359999751204,1
wdbc,SPOT,455.2,78.6,0.016412399997352622,1
wine,GLVQ,142.4,33.8,0.13689099999901372,1
wine,GNG,142.4,33.8,0.10927340000343974,1
wine,KMeans,142.4,33.8,0.010568400003830903,1
wine,LVQ3,142.4,33.8,0.026175400006468407,1
wine,RHC,142.4,7.6,0.0018452000018442049,1
wine,RSP3,142.4,33.8,0.0011546000052476302,1
wine,SPINE,142.4,33.8,0.06829980000038631,1
wine,SPOT,142.4,33.8,0.004040399999939837,1
