dataset,fold,cls,n_class,n_intervals,min_cluster_size,placement,n_vertices,n_edges,degenerate,noise_reassigned
banana,0,0,1974,7,17,quantile,12,10,False,253
banana,0,1,1604,7,17,uniform,8,6,False,457
banana,1,0,1974,7,17,quantile,12,10,False,173
banana,1,1,1604,7,17,uniform,8,6,False,382
banana,2,0,1974,7,17,quantile,12,10,False,172
banana,2,1,1604,7,17,uniform,7,6,False,470
banana,3,0,1974,7,17,quantile,12,10,False,150
banana,3,1,1604,7,17,uniform,8,6,False,341
banana,4,0,1974,7,17,quantile,12,10,False,311
banana,4,1,1604,7,17,uniform,7,6,False,534
banana,5,0,1974,7,17,quantile,12,10,False,161
banana,5,1,1604,7,17,uniform,8,6,False,363
banana,6,0,1974,7,17,quantile,12,10,False,199
banana,6,1,1604,7,17,uniform,8,6,False,311
banana,7,0,1974,7,17,quantile,11,9,False,140
banana,7,1,1604,7,17,uniform,8,6,False,572
banana,8,0,1974,7,17,quantile,11,9,False,147
banana,8,1,1604,7,17,uniform,7,6,False,583
banana,9,0,1974,7,17,uniform,10,10,False,511
banana,9,1,1604,7,17,uniform,8,6,False,398
eeg-eye-state,0,0,5574,9,50,quantile,9,8,False,5252
eeg-eye-state,0,1,4538,9,50,quantile,9,8,False,4233
eeg-eye-state,1,0,5574,9,50,quantile,9,8,False,5022
eeg-eye-state,1,1,4538,9,50,quantile,9,8,False,4182
eeg-eye-state,2,0,5574,9,50,quantile,9,8,False,4402
eeg-eye-state,2,1,4538,9,50,quantile,9,8,False,4290
eeg-eye-state,3,0,5574,9,50,quantile,9,8,False,6349
eeg-eye-state,3,1,4538,9,50,quantile,9,8,False,4453
eeg-eye-state,4,0,5574,9,50,quantile,9,8,False,5067
eeg-eye-state,4,1,4538,9,50,quantile,9,8,False,4222
eeg-eye-state,5,0,5574,9,50,quantile,9,8,False,4648
eeg-eye-state,5,1,4538,9,50,quantile,9,8,False,3912
eeg-eye-state,6,0,5574,9,50,quantile,9,8,False,5425
eeg-eye-state,6,1,4538,9,50,quantile,9,8,False,4524
eeg-eye-state,7,0,5574,9,50,quantile,9,8,False,4870
eeg-eye-state,7,1,4538,9,50,quantile,9,8,False,4734
eeg-eye-state,8,0,5574,9,50,quantile,9,8,False,4738
eeg-eye-state,8,1,4538,9,50,quantile,9,8,False,4383
eeg-eye-state,9,0,5574,9,50,quantile,10,9,False,4986
eeg-eye-state,9,1,4538,9,50,quantile,9,8,False,4588
ionosphere,0,0,85,4,15,quantile,4,3,False,40
ionosphere,0,1,151,5,15,quantile,5,4,False,86
ionosphere,1,0,86,4,15,quantile,4,3,False,42
ionosphere,1,1,151,5,15,quantile,5,4,False,96
ionosphere,2,0,86,4,15,quantile,4,3,False,42
ionosphere,2,1,151,5,15,quantile,5,4,False,104
ionosphere,3,0,86,4,15,quantile,4,3,False,42
ionosphere,3,1,151,5,15,quantile,5,4,False,95
ionosphere,4,0,86,4,15,quantile,4,3,False,42
ionosphere,4,1,151,5,15,quantile,5,4,False,99
ionosphere,5,0,85,4,15,quantile,4,3,False,40
ionosphere,5,1,152,5,15,quantile,5,4,False,103
ionosphere,6,0,85,4,15,quantile,4,3,False,40
ionosphere,6,1,152,5,15,quantile,5,4,False,107
ionosphere,7,0,85,4,15,quantile,4,3,False,40
ionosphere,7,1,152,5,15,quantile,5,4,False,107
ionosphere,8,0,85,4,15,quantile,4,3,False,41
ionosphere,8,1,152,5,15,quantile,5,4,False,100
ionosphere,9,0,85,4,15,quantile,4,3,False,40
ionosphere,9,1,152,5,15,quantile,5,4,False,106
letter,0,0,533,6,67,quantile,6,5,False,171
letter,0,1,517,6,67,quantile,6,5,False,184
letter,0,2,497,6,67,quantile,6,5,False,106
letter,0,3,543,6,67,quantile,6,5,False,185
letter,0,4,517,6,67,quantile,6,5,False,100
letter,0,5,523,6,67,quantile,6,5,False,139
letter,0,6,522,6,67,quantile,6,5,False,168
letter,0,7,495,6,67,quantile,6,5,False,146
letter,0,8,510,6,67,quantile,6,5,False,53
letter,0,9,504,6,67,quantile,6,5,False,114
letter,0,10,499,6,67,quantile,6,5,False,116
letter,0,11,514,6,67,quantile,6,5,False,129
letter,0,12,535,6,67,quantile,6,5,False,142
letter,0,13,529,6,67,quantile,6,5,False,195
letter,0,14,507,6,67,quantile,6,5,False,200
letter,0,15,542,6,67,quantile,6,5,False,147
letter,0,16,529,6,67,quantile,6,5,False,138
letter,0,17,511,6,67,quantile,6,5,False,106
letter,0,18,505,6,67,quantile,6,5,False,115
letter,0,19,536,6,67,quantile,6,5,False,100
letter,0,20,549,6,67,quantile,6,5,False,157
letter,0,21,516,6,67,quantile,6,5,False,131
letter,0,22,508,6,67,quantile,6,5,False,108
letter,0,23,531,6,67,quantile,6,5,False,139
letter,0,24,530,6,67,quantile,6,5,False,147
letter,0,25,496,6,67,quantile,6,5,False,133
letter,1,0,532,6,67,quantile,6,5,False,164
letter,1,1,517,6,67,quantile,6,5,False,176
letter,1,2,496,6,67,quantile,6,5,False,94
letter,1,3,544,6,67,quantile,6,5,False,156
letter,1,4,518,6,67,quantile,6,5,False,112
letter,1,5,523,6,67,quantile,6,5,False,135
letter,1,6,522,6,67,quantile,6,5,False,146
letter,1,7,495,6,67,quantile,6,5,False,155
letter,1,8,509,6,67,quantile,6,5,False,80
letter,1,9,505,6,67,quantile,6,5,False,132
letter,1,10,499,6,67,quantile,6,5,False,132
letter,1,11,514,6,67,quantile,6,5,False,128
letter,1,12,535,6,67,quantile,6,5,False,150
letter,1,13,529,6,67,quantile,6,5,False,182
letter,1,14,508,6,67,quantile,6,5,False,204
letter,1,15,542,6,67,quantile,6,5,False,226
letter,1,16,529,6,67,quantile,6,5,False,150
letter,1,17,511,6,67,quantile,6,5,False,101
letter,1,18,505,6,67,quantile,6,5,False,168
letter,1,19,537,6,67,quantile,6,5,False,113
letter,1,20,549,6,67,quantile,6,5,False,145
letter,1,21,516,6,67,quantile,6,5,False,102
letter,1,22,507,6,67,quantile,6,5,False,112
letter,1,23,531,6,67,quantile,6,5,False,133
letter,1,24,531,6,67,quantile,6,5,False,200
letter,1,25,496,6,67,quantile,6,5,False,134
letter,2,0,532,6,67,quantile,6,5,False,203
letter,2,1,517,6,67,quantile,6,5,False,211
letter,2,2,497,6,67,quantile,6,5,False,153
letter,2,3,543,6,67,quantile,6,5,False,178
letter,2,4,519,6,67,quantile,6,5,False,104
letter,2,5,523,6,67,quantile,6,5,False,120
letter,2,6,521,6,67,quantile,6,5,False,177
letter,2,7,496,6,67,quantile,6,5,False,160
letter,2,8,509,6,67,quantile,6,5,False,139
letter,2,9,505,6,67,quantile,6,5,False,122
letter,2,10,499,6,67,quantile,6,5,False,125
letter,2,11,514,6,67,quantile,6,5,False,106
letter,2,12,535,6,67,quantile,6,5,False,167
letter,2,13,529,6,67,quantile,6,5,False,182
letter,2,14,508,6,67,quantile,6,5,False,207
letter,2,15,541,6,67,quantile,6,5,False,163
letter,2,16,529,6,67,quantile,6,5,False,155
letter,2,17,510,6,67,quantile,6,5,False,79
letter,2,18,506,6,67,quantile,6,5,False,126
letter,2,19,538,6,67,quantile,6,5,False,120
letter,2,20,549,6,67,quantile,6,5,False,169
letter,2,21,515,6,67,quantile,6,5,False,86
letter,2,22,508,6,67,quantile,6,5,False,158
letter,2,23,531,6,67,quantile,6,5,False,137
letter,2,24,530,6,67,quantile,6,5,False,109
letter,2,25,496,6,67,quantile,6,5,False,155
letter,3,0,533,6,67,quantile,6,5,False,119
letter,3,1,517,6,67,quantile,6,5,False,205
letter,3,2,496,6,67,quantile,6,5,False,115
letter,3,3,542,6,67,quantile,6,5,False,143
letter,3,4,519,6,67,quantile,6,5,False,104
letter,3,5,523,6,67,quantile,6,5,False,136
letter,3,6,520,6,67,quantile,6,5,False,156
letter,3,7,496,6,67,quantile,6,5,False,124
letter,3,8,509,6,67,quantile,6,5,False,64
letter,3,9,504,6,67,quantile,6,5,False,114
letter,3,10,498,6,67,quantile,6,5,False,113
letter,3,11,514,6,67,quantile,6,5,False,125
letter,3,12,535,6,67,quantile,6,5,False,166
letter,3,13,529,6,67,quantile,6,5,False,159
letter,3,14,508,6,67,quantile,6,5,False,169
letter,3,15,542,6,67,quantile,6,5,False,188
letter,3,16,529,6,67,quantile,6,5,False,212
letter,3,17,512,6,67,quantile,6,5,False,86
letter,3,18,505,6,67,quantile,6,5,False,123
letter,3,19,537,6,67,quantile,6,5,False,121
letter,3,20,549,6,67,quantile,6,5,False,126
letter,3,21,515,6,67,quantile,6,5,False,86
letter,3,22,508,6,67,quantile,6,5,False,109
letter,3,23,532,6,67,quantile,6,5,False,124
letter,3,24,531,6,67,quantile,6,5,False,113
letter,3,25,495,6,67,quantile,6,5,False,97
letter,4,0,532,6,67,quantile,6,5,False,158
letter,4,1,517,6,67,quantile,6,5,False,176
letter,4,2,496,6,67,quantile,6,5,False,120
letter,4,3,544,6,67,quantile,6,5,False,148
letter,4,4,518,6,67,quantile,6,5,False,109
letter,4,5,523,6,67,quantile,6,5,False,142
letter,4,6,522,6,67,quantile,6,5,False,137
letter,4,7,496,6,67,quantile,6,5,False,154
letter,4,8,509,6,67,quantile,6,5,False,65
letter,4,9,503,6,67,quantile,6,5,False,117
letter,4,10,498,6,67,quantile,6,5,False,119
letter,4,11,514,6,67,quantile,6,5,False,126
letter,4,12,535,6,67,quantile,6,5,False,205
letter,4,13,529,6,67,quantile,6,5,False,156
letter,4,14,509,6,67,quantile,6,5,False,211
letter,4,15,542,6,67,quantile,6,5,False,201
letter,4,16,529,6,67,quantile,6,5,False,160
letter,4,17,512,6,67,quantile,6,5,False,78
letter,4,18,504,6,67,quantile,6,5,False,141
letter,4,19,538,6,67,quantile,6,5,False,116
letter,4,20,548,6,67,quantile,6,5,False,153
letter,4,21,516,6,67,quantile,6,5,False,112
letter,4,22,508,6,67,quantile,6,5,False,107
letter,4,23,532,6,67,quantile,6,5,False,153
letter,4,24,530,6,67,quantile,6,5,False,174
letter,4,25,496,6,67,quantile,6,5,False,95
letter,5,0,533,6,67,quantile,6,5,False,167
letter,5,1,517,6,67,quantile,6,5,False,147
letter,5,2,497,6,67,quantile,6,5,False,126
letter,5,3,544,6,67,quantile,6,5,False,198
letter,5,4,519,6,67,quantile,6,5,False,85
letter,5,5,524,6,67,quantile,6,5,False,137
letter,5,6,522,6,67,quantile,6,5,False,138
letter,5,7,495,6,67,quantile,6,5,False,146
letter,5,8,510,6,67,quantile,6,5,False,112
letter,5,9,505,6,67,quantile,6,5,False,117
letter,5,10,499,6,67,quantile,6,5,False,126
letter,5,11,514,6,67,quantile,6,5,False,113
letter,5,12,535,6,67,quantile,6,5,False,167
letter,5,13,528,6,67,quantile,6,5,False,155
letter,5,14,508,6,67,quantile,6,5,False,200
letter,5,15,542,6,67,quantile,6,5,False,205
letter,5,16,527,6,67,quantile,6,5,False,163
letter,5,17,512,6,67,quantile,6,5,False,84
letter,5,18,504,6,67,quantile,6,5,False,135
letter,5,19,537,6,67,quantile,6,5,False,112
letter,5,20,548,6,67,quantile,6,5,False,159
letter,5,21,515,6,67,quantile,6,5,False,87
letter,5,22,508,6,67,quantile,6,5,False,118
letter,5,23,531,6,67,quantile,6,5,False,144
letter,5,24,531,6,67,quantile,6,5,False,144
letter,5,25,496,6,67,quantile,6,5,False,100
letter,6,0,532,6,67,quantile,6,5,False,182
letter,6,1,517,6,67,quantile,6,5,False,180
letter,6,2,497,6,67,quantile,6,5,False,108
letter,6,3,544,6,67,quantile,6,5,False,186
letter,6,4,519,6,67,quantile,6,5,False,62
letter,6,5,523,6,67,quantile,6,5,False,136
letter,6,6,522,6,67,quantile,6,5,False,163
letter,6,7,496,6,67,quantile,6,5,False,149
letter,6,8,509,6,67,quantile,6,5,False,122
letter,6,9,504,6,67,quantile,6,5,False,107
letter,6,10,500,6,67,quantile,6,5,False,104
letter,6,11,514,6,67,quantile,6,5,False,125
letter,6,12,535,6,67,quantile,6,5,False,175
letter,6,13,528,6,67,quantile,6,5,False,193
letter,6,14,508,6,67,quantile,6,5,False,181
letter,6,15,542,6,67,quantile,6,5,False,195
letter,6,16,529,6,67,quantile,6,5,False,178
letter,6,17,512,6,67,quantile,6,5,False,135
letter,6,18,506,6,67,quantile,6,5,False,171
letter,6,19,538,6,67,quantile,6,5,False,106
letter,6,20,548,6,67,quantile,6,5,False,105
letter,6,21,516,6,67,quantile,6,5,False,99
letter,6,22,508,6,67,quantile,6,5,False,137
letter,6,23,532,6,67,quantile,6,5,False,167
letter,6,24,530,6,67,quantile,6,5,False,110
letter,6,25,494,6,67,quantile,6,5,False,88
letter,7,0,533,6,67,quantile,6,5,False,207
letter,7,1,517,6,67,quantile,6,5,False,172
letter,7,2,497,6,67,quantile,6,5,False,92
letter,7,3,544,6,67,quantile,6,5,False,195
letter,7,4,518,6,67,quantile,6,5,False,84
letter,7,5,524,6,67,quantile,6,5,False,152
letter,7,6,522,6,67,quantile,6,5,False,152
letter,7,7,495,6,67,quantile,6,5,False,146
letter,7,8,510,6,67,quantile,6,5,False,56
letter,7,9,505,6,67,quantile,6,5,False,124
letter,7,10,499,6,67,quantile,6,5,False,130
letter,7,11,513,6,67,quantile,6,5,False,112
letter,7,12,533,6,67,quantile,6,5,False,143
letter,7,13,528,6,67,quantile,6,5,False,162
letter,7,14,509,6,67,quantile,6,5,False,210
letter,7,15,542,6,67,quantile,6,5,False,196
letter,7,16,529,6,67,quantile,6,5,False,138
letter,7,17,512,6,67,quantile,6,5,False,68
letter,7,18,505,6,67,quantile,6,5,False,179
letter,7,19,538,6,67,quantile,6,5,False,112
letter,7,20,549,6,67,quantile,6,5,False,118
letter,7,21,516,6,67,quantile,6,5,False,131
letter,7,22,507,6,67,quantile,6,5,False,110
letter,7,23,531,6,67,quantile,6,5,False,142
letter,7,24,530,6,67,quantile,6,5,False,202
letter,7,25,495,6,67,quantile,6,5,False,121
letter,8,0,533,6,67,quantile,6,5,False,176
letter,8,1,518,6,67,quantile,6,5,False,179
letter,8,2,497,6,67,quantile,6,5,False,118
letter,8,3,544,6,67,quantile,6,5,False,184
letter,8,4,518,6,67,quantile,6,5,False,107
letter,8,5,523,6,67,quantile,6,5,False,148
letter,8,6,522,6,67,quantile,6,5,False,144
letter,8,7,496,6,67,quantile,6,5,False,156
letter,8,8,510,6,67,quantile,6,5,False,105
letter,8,9,504,6,67,quantile,6,5,False,128
letter,8,10,499,6,67,quantile,6,5,False,109
letter,8,11,514,6,67,quantile,6,5,False,120
letter,8,12,535,6,67,quantile,6,5,False,162
letter,8,13,529,6,67,quantile,6,5,False,145
letter,8,14,508,6,67,quantile,6,5,False,194
letter,8,15,542,6,67,quantile,6,5,False,198
letter,8,16,529,6,67,quantile,6,5,False,169
letter,8,17,512,6,67,quantile,6,5,False,95
letter,8,18,505,6,67,quantile,6,5,False,180
letter,8,19,537,6,67,quantile,6,5,False,111
letter,8,20,549,6,67,quantile,6,5,False,132
letter,8,21,515,6,67,quantile,6,5,False,114
letter,8,22,507,6,67,quantile,6,5,False,114
letter,8,23,531,6,67,quantile,6,5,False,128
letter,8,24,531,6,67,quantile,6,5,False,89
letter,8,25,496,6,67,quantile,6,5,False,94
letter,9,0,531,6,67,quantile,6,5,False,166
letter,9,1,517,6,67,quantile,6,5,False,162
letter,9,2,496,6,67,quantile,6,5,False,107
letter,9,3,543,6,67,quantile,6,5,False,196
letter,9,4,519,6,67,quantile,6,5,False,149
letter,9,5,523,6,67,quantile,6,5,False,135
letter,9,6,522,6,67,quantile,6,5,False,152
letter,9,7,496,6,67,quantile,6,5,False,131
letter,9,8,510,6,67,quantile,6,5,False,91
letter,9,9,504,6,67,quantile,6,5,False,147
letter,9,10,498,6,67,quantile,6,5,False,118
letter,9,11,514,6,67,quantile,6,5,False,125
letter,9,12,535,6,67,quantile,6,5,False,160
letter,9,13,529,6,67,quantile,6,5,False,154
letter,9,14,508,6,67,quantile,6,5,False,196
letter,9,15,541,6,67,quantile,6,5,False,173
letter,9,16,528,6,67,quantile,6,5,False,164
letter,9,17,511,6,67,quantile,6,5,False,90
letter,9,18,504,6,67,quantile,6,5,False,137
letter,9,19,537,6,67,quantile,6,5,False,99
letter,9,20,549,6,67,quantile,6,5,False,195
letter,9,21,516,6,67,quantile,6,5,False,118
letter,9,22,508,6,67,quantile,6,5,False,155
letter,9,23,531,6,67,quantile,6,5,False,145
letter,9,24,530,6,67,quantile,6,5,False,153
letter,9,25,496,6,67,quantile,6,5,False,139
magic,0,0,8323,10,64,quantile,10,9,False,7011
magic,0,1,4515,9,64,quantile,9,8,False,4776
magic,1,0,8323,10,64,quantile,10,9,False,7753
magic,1,1,4515,9,64,quantile,9,8,False,4835
magic,2,0,8324,10,64,quantile,10,9,False,7659
magic,2,1,4514,9,64,quantile,9,8,False,4755
magic,3,0,8324,10,64,quantile,10,9,False,7535
magic,3,1,4514,9,64,quantile,9,8,False,4776
magic,4,0,8324,10,64,quantile,10,9,False,7653
magic,4,1,4514,9,64,quantile,9,8,False,4732
magic,5,0,8324,10,64,quantile,10,9,False,7831
magic,5,1,4514,9,64,quantile,9,8,False,4604
magic,6,0,8324,10,64,quantile,10,9,False,7680
magic,6,1,4514,9,64,quantile,9,8,False,4646
magic,7,0,8324,10,64,quantile,10,9,False,7301
magic,7,1,4514,9,64,quantile,9,8,False,4698
magic,8,0,8324,10,64,quantile,10,9,False,7692
magic,8,1,4514,9,64,quantile,9,8,False,4651
magic,9,0,8324,10,64,quantile,10,9,False,7387
magic,9,1,4514,9,64,quantile,9,8,False,4660
penbased,0,0,771,6,37,quantile,6,5,False,704
penbased,0,1,772,6,37,uniform,6,5,False,575
penbased,0,2,772,6,37,quantile,6,5,False,681
penbased,0,3,712,6,37,quantile,6,5,False,607
penbased,0,4,773,6,37,quantile,6,5,False,712
penbased,0,5,712,6,37,quantile,7,5,False,351
penbased,0,6,713,6,37,quantile,6,5,False,630
penbased,0,7,770,6,37,quantile,6,5,False,594
penbased,0,8,712,6,37,uniform,6,5,False,554
penbased,0,9,712,6,37,quantile,6,5,False,417
penbased,1,0,771,6,37,quantile,6,5,False,709
penbased,1,1,772,6,37,uniform,7,7,False,559
penbased,1,2,772,6,37,quantile,6,5,False,685
penbased,1,3,712,6,37,quantile,6,5,False,594
penbased,1,4,772,6,37,quantile,6,5,False,682
penbased,1,5,712,6,37,quantile,7,5,False,326
penbased,1,6,713,6,37,quantile,6,5,False,638
penbased,1,7,772,6,37,quantile,6,5,False,603
penbased,1,8,711,6,37,uniform,6,5,False,568
penbased,1,9,712,6,37,quantile,6,5,False,448
penbased,2,0,771,6,37,quantile,6,5,False,682
penbased,2,1,772,6,37,quantile,7,7,False,590
penbased,2,2,772,6,37,quantile,6,5,False,695
penbased,2,3,712,6,37,quantile,6,5,False,629
penbased,2,4,772,6,37,quantile,6,5,False,696
penbased,2,5,712,6,37,quantile,7,5,False,328
penbased,2,6,713,6,37,quantile,6,5,False,640
penbased,2,7,770,6,37,quantile,6,5,False,596
penbased,2,8,713,6,37,uniform,6,5,False,559
penbased,2,9,713,6,37,quantile,6,5,False,409
penbased,3,0,771,6,37,quantile,6,5,False,707
penbased,3,1,772,6,37,quantile,7,7,False,571
penbased,3,2,773,6,37,quantile,6,5,False,702
penbased,3,3,712,6,37,quantile,6,5,False,633
penbased,3,4,773,6,37,quantile,6,5,False,683
penbased,3,5,712,6,37,quantile,7,5,False,348
penbased,3,6,713,6,37,quantile,6,5,False,632
penbased,3,7,770,6,37,quantile,6,5,False,584
penbased,3,8,712,6,37,uniform,6,5,False,577
penbased,3,9,712,6,37,quantile,6,5,False,438
penbased,4,0,776,6,37,quantile,6,5,False,712
penbased,4,1,767,6,37,quantile,7,7,False,572
penbased,4,2,772,6,37,quantile,6,5,False,659
penbased,4,3,712,6,37,quantile,6,5,False,632
penbased,4,4,773,6,37,quantile,6,5,False,705
penbased,4,5,712,6,37,quantile,7,5,False,363
penbased,4,6,713,6,37,quantile,6,5,False,630
penbased,4,7,773,6,37,quantile,6,5,False,603
penbased,4,8,712,6,37,uniform,6,5,False,643
penbased,4,9,709,6,37,quantile,6,5,False,447
penbased,5,0,771,6,37,quantile,6,5,False,707
penbased,5,1,772,6,37,uniform,7,7,False,568
penbased,5,2,772,6,37,quantile,6,5,False,680
penbased,5,3,715,6,37,quantile,6,5,False,631
penbased,5,4,769,6,37,quantile,6,5,False,701
penbased,5,5,712,6,37,quantile,7,5,False,342
penbased,5,6,713,6,37,quantile,6,5,False,638
penbased,5,7,770,6,37,quantile,6,5,False,600
penbased,5,8,713,6,37,uniform,6,5,False,513
penbased,5,9,715,6,37,quantile,6,5,False,480
penbased,6,0,771,6,37,quantile,6,5,False,696
penbased,6,1,772,6,37,quantile,7,7,False,599
penbased,6,2,773,6,37,quantile,6,5,False,662
penbased,6,3,712,6,37,quantile,6,5,False,613
penbased,6,4,773,6,37,quantile,6,5,False,709
penbased,6,5,711,6,37,quantile,7,5,False,362
penbased,6,6,713,6,37,quantile,6,5,False,638
penbased,6,7,770,6,37,quantile,6,5,False,594
penbased,6,8,713,6,37,uniform,6,5,False,538
penbased,6,9,712,6,37,quantile,6,5,False,421
penbased,7,0,771,6,37,quantile,6,5,False,707
penbased,7,1,772,6,37,quantile,7,7,False,583
penbased,7,2,773,6,37,quantile,6,5,False,662
penbased,7,3,712,6,37,quantile,6,5,False,628
penbased,7,4,772,6,37,quantile,6,5,False,702
penbased,7,5,716,6,37,quantile,7,5,False,414
penbased,7,6,709,6,37,quantile,6,5,False,628
penbased,7,7,770,6,37,quantile,6,5,False,586
penbased,7,8,712,6,37,uniform,6,5,False,520
penbased,7,9,712,6,37,quantile,6,5,False,443
penbased,8,0,771,6,37,quantile,6,5,False,703
penbased,8,1,775,6,37,quantile,7,7,False,586
penbased,8,2,769,6,37,quantile,6,5,False,689
penbased,8,3,712,6,37,quantile,6,5,False,626
penbased,8,4,772,6,37,quantile,6,5,False,702
penbased,8,5,712,6,37,quantile,7,5,False,334
penbased,8,6,713,6,37,quantile,6,5,False,632
penbased,8,7,772,6,37,quantile,6,5,False,702
penbased,8,8,711,6,37,uniform,6,5,False,552
penbased,8,9,712,6,37,quantile,6,5,False,437
penbased,9,0,771,6,37,quantile,6,5,False,706
penbased,9,1,772,6,37,quantile,6,5,False,602
penbased,9,2,773,6,37,quantile,6,5,False,694
penbased,9,3,712,6,37,quantile,6,5,False,620
penbased,9,4,772,6,37,quantile,6,5,False,700
penbased,9,5,712,6,37,quantile,7,5,False,356
penbased,9,6,713,6,37,quantile,6,5,False,634
penbased,9,7,770,6,37,quantile,6,5,False,597
penbased,9,8,712,6,37,uniform,6,5,False,651
penbased,9,9,712,6,37,quantile,6,5,False,426
phoneme,0,0,2577,8,18,uniform,11,12,False,317
phoneme,0,1,1070,7,18,quantile,7,6,False,151
phoneme,1,0,2577,8,18,uniform,10,9,False,235
phoneme,1,1,1070,7,18,quantile,7,6,False,213
phoneme,2,0,2577,8,18,uniform,12,12,False,323
phoneme,2,1,1070,7,18,quantile,9,10,False,235
phoneme,3,0,2577,8,18,uniform,11,13,False,318
phoneme,3,1,1070,7,18,quantile,7,6,False,210
phoneme,4,0,2577,8,18,uniform,10,10,False,490
phoneme,4,1,1071,7,18,quantile,7,6,False,218
phoneme,5,0,2577,8,18,uniform,14,16,False,428
phoneme,5,1,1071,7,18,quantile,8,7,False,166
phoneme,6,0,2577,8,18,uniform,10,11,False,337
phoneme,6,1,1071,7,18,quantile,9,10,False,250
phoneme,7,0,2577,8,18,uniform,10,9,False,266
phoneme,7,1,1071,7,18,quantile,7,6,False,227
phoneme,8,0,2578,8,18,uniform,12,12,False,299
phoneme,8,1,1070,7,18,quantile,9,8,False,245
phoneme,9,0,2578,8,18,uniform,10,10,False,437
phoneme,9,1,1070,7,18,quantile,9,8,False,204
ring,0,0,2473,8,24,quantile,8,7,False,2811
ring,0,1,2522,8,24,quantile,8,7,False,2879
ring,1,0,2473,8,24,quantile,8,7,False,2818
ring,1,1,2522,8,24,quantile,8,7,False,2877
ring,2,0,2473,8,24,quantile,8,7,False,2817
ring,2,1,2522,8,24,quantile,8,7,False,2879
ring,3,0,2473,8,24,quantile,8,7,False,2817
ring,3,1,2522,8,24,quantile,8,7,False,2880
ring,4,0,2473,8,24,quantile,8,7,False,2815
ring,4,1,2522,8,24,quantile,8,7,False,2877
ring,5,0,2473,8,24,quantile,8,7,False,2819
ring,5,1,2522,8,24,quantile,8,7,False,2880
ring,6,0,2474,8,24,quantile,8,7,False,2824
ring,6,1,2521,8,24,quantile,8,7,False,2876
ring,7,0,2474,8,24,quantile,8,7,False,2824
ring,7,1,2521,8,24,quantile,8,7,False,2882
ring,8,0,2473,8,24,quantile,8,7,False,2817
ring,8,1,2522,8,24,quantile,8,7,False,2872
ring,9,0,2474,8,24,quantile,8,7,False,2823
ring,9,1,2521,8,24,quantile,8,7,False,2881
satimage,0,0,1034,7,21,uniform,7,6,False,1143
satimage,0,1,475,6,21,quantile,6,5,False,378
satimage,0,2,916,6,21,quantile,6,5,False,978
satimage,0,3,423,6,21,quantile,6,5,False,381
satimage,0,4,477,6,21,quantile,6,5,False,391
satimage,0,5,1019,7,21,quantile,7,6,False,1090
satimage,1,0,1034,7,21,uniform,7,6,False,1161
satimage,1,1,475,6,21,quantile,6,5,False,434
satimage,1,2,916,6,21,quantile,6,5,False,965
satimage,1,3,423,6,21,quantile,6,5,False,386
satimage,1,4,477,6,21,quantile,6,5,False,406
satimage,1,5,1018,7,21,quantile,7,6,False,1083
satimage,2,0,1034,7,21,uniform,7,6,False,973
satimage,2,1,475,6,21,quantile,6,5,False,323
satimage,2,2,916,6,21,quantile,6,5,False,979
satimage,2,3,423,6,21,quantile,6,5,False,378
satimage,2,4,477,6,21,quantile,6,5,False,396
satimage,2,5,1018,7,21,quantile,7,6,False,1089
satimage,3,0,1034,7,21,uniform,7,6,False,1131
satimage,3,1,475,6,21,quantile,6,5,False,374
satimage,3,2,916,6,21,quantile,6,5,False,979
satimage,3,3,423,6,21,quantile,6,5,False,386
satimage,3,4,477,6,21,quantile,6,5,False,399
satimage,3,5,1018,7,21,quantile,7,6,False,1089
satimage,4,0,1034,7,21,uniform,7,6,False,1154
satimage,4,1,475,6,21,quantile,6,5,False,366
satimage,4,2,916,6,21,quantile,6,5,False,972
satimage,4,3,423,6,21,quantile,6,5,False,383
satimage,4,4,477,6,21,quantile,6,5,False,348
satimage,4,5,1018,7,21,quantile,7,6,False,1089
satimage,5,0,1034,7,21,uniform,7,6,False,1137
satimage,5,1,475,6,21,quantile,6,5,False,379
satimage,5,2,921,6,21,quantile,6,5,False,986
satimage,5,3,419,6,21,quantile,6,5,False,381
satimage,5,4,479,6,21,quantile,6,5,False,362
satimage,5,5,1015,7,21,quantile,7,6,False,1083
satimage,6,0,1034,7,21,uniform,7,6,False,1152
satimage,6,1,475,6,21,quantile,6,5,False,378
satimage,6,2,916,6,21,quantile,6,5,False,981
satimage,6,3,423,6,21,quantile,6,5,False,383
satimage,6,4,477,6,21,quantile,6,5,False,406
satimage,6,5,1018,7,21,quantile,7,6,False,1089
satimage,7,0,1040,7,21,uniform,7,6,False,1134
satimage,7,1,472,6,21,quantile,6,5,False,313
satimage,7,2,914,6,21,quantile,6,5,False,978
satimage,7,3,423,6,21,quantile,6,5,False,385
satimage,7,4,477,6,21,quantile,6,5,False,386
satimage,7,5,1019,7,21,quantile,7,6,False,1085
satimage,8,0,1034,7,21,uniform,7,6,False,1135
satimage,8,1,475,6,21,quantile,6,5,False,375
satimage,8,2,916,6,21,quantile,6,5,False,982
satimage,8,3,423,6,21,quantile,6,5,False,380
satimage,8,4,477,6,21,quantile,6,5,False,434
satimage,8,5,1019,7,21,quantile,7,6,False,1090
satimage,9,0,1034,7,21,uniform,7,6,False,1132
satimage,9,1,475,6,21,quantile,6,5,False,388
satimage,9,2,917,6,21,quantile,6,5,False,981
satimage,9,3,423,6,21,quantile,6,5,False,380
satimage,9,4,477,6,21,quantile,6,5,False,422
satimage,9,5,1018,7,21,quantile,7,6,False,1084
segment,0,0,222,5,15,quantile,6,6,False,75
segment,0,1,222,5,15,quantile,5,4,False,161
segment,0,2,223,5,15,quantile,5,4,False,191
segment,0,3,223,5,15,quantile,5,4,False,185
segment,0,4,223,5,15,quantile,6,5,False,165
segment,0,5,223,5,15,quantile,5,4,False,189
segment,0,6,223,5,15,quantile,7,6,False,113
segment,1,0,223,5,15,quantile,5,4,False,124
segment,1,1,223,5,15,quantile,5,4,False,163
segment,1,2,223,5,15,quantile,5,4,False,188
segment,1,3,223,5,15,quantile,5,4,False,192
segment,1,4,222,5,15,quantile,5,4,False,189
segment,1,5,222,5,15,quantile,5,4,False,190
segment,1,6,223,5,15,quantile,7,7,False,108
segment,2,0,223,5,15,quantile,5,4,False,154
segment,2,1,222,5,15,quantile,5,4,False,173
segment,2,2,223,5,15,quantile,5,4,False,189
segment,2,3,223,5,15,quantile,5,4,False,185
segment,2,4,222,5,15,quantile,6,5,False,136
segment,2,5,223,5,15,quantile,5,4,False,186
segment,2,6,223,5,15,quantile,7,7,False,111
segment,3,0,223,5,15,quantile,6,6,False,109
segment,3,1,222,5,15,quantile,5,4,False,146
segment,3,2,223,5,15,quantile,5,4,False,192
segment,3,3,222,5,15,quantile,5,4,False,187
segment,3,4,223,5,15,quantile,6,4,False,162
segment,3,5,223,5,15,quantile,5,4,False,185
segment,3,6,223,5,15,quantile,6,6,False,136
segment,4,0,223,5,15,quantile,6,6,False,87
segment,4,1,222,5,15,quantile,5,4,False,142
segment,4,2,223,5,15,quantile,5,4,False,190
segment,4,3,223,5,15,quantile,5,4,False,188
segment,4,4,222,5,15,quantile,6,4,False,135
segment,4,5,223,5,15,quantile,5,4,False,165
segment,4,6,223,5,15,quantile,6,6,False,147
segment,5,0,222,5,15,quantile,5,4,False,120
segment,5,1,223,5,15,quantile,5,4,False,185
segment,5,2,223,5,15,quantile,5,4,False,162
segment,5,3,223,5,15,quantile,5,4,False,183
segment,5,4,223,5,15,quantile,6,4,False,157
segment,5,5,222,5,15,quantile,5,4,False,146
segment,5,6,223,5,15,quantile,7,7,False,113
segment,6,0,223,5,15,quantile,6,6,False,110
segment,6,1,222,5,15,quantile,5,4,False,155
segment,6,2,223,5,15,quantile,5,4,False,187
segment,6,3,223,5,15,quantile,5,4,False,186
segment,6,4,222,5,15,quantile,6,4,False,141
segment,6,5,223,5,15,quantile,5,4,False,185
segment,6,6,223,5,15,quantile,6,6,False,141
segment,7,0,223,5,15,quantile,5,4,False,139
segment,7,1,223,5,15,quantile,5,4,False,159
segment,7,2,223,5,15,quantile,5,4,False,191
segment,7,3,223,5,15,quantile,5,4,False,191
segment,7,4,222,5,15,quantile,6,4,False,153
segment,7,5,223,5,15,quantile,5,4,False,193
segment,7,6,222,5,15,quantile,5,4,False,183
segment,8,0,223,5,15,quantile,5,4,False,154
segment,8,1,223,5,15,quantile,5,4,False,121
segment,8,2,222,5,15,quantile,5,4,False,184
segment,8,3,222,5,15,quantile,5,4,False,191
segment,8,4,223,5,15,quantile,6,5,False,120
segment,8,5,223,5,15,quantile,5,4,False,158
segment,8,6,223,5,15,quantile,5,4,False,179
segment,9,0,223,5,15,quantile,6,6,False,110
segment,9,1,222,5,15,quantile,5,4,False,148
segment,9,2,223,5,15,quantile,5,4,False,191
segment,9,3,223,5,15,quantile,5,4,False,189
segment,9,4,223,5,15,quantile,6,4,False,161
segment,9,5,222,5,15,quantile,5,4,False,187
segment,9,6,223,5,15,quantile,7,6,False,107
sonar,0,0,75,4,15,quantile,4,3,False,28
sonar,0,1,65,4,15,quantile,4,3,False,19
sonar,1,0,75,4,15,quantile,4,3,False,28
sonar,1,1,65,4,15,quantile,4,3,False,20
sonar,2,0,75,4,15,quantile,4,3,False,28
sonar,2,1,65,4,15,quantile,4,3,False,20
sonar,3,0,75,4,15,quantile,4,3,False,27
sonar,3,1,65,4,15,quantile,4,3,False,20
sonar,4,0,75,4,15,quantile,4,3,False,28
sonar,4,1,65,4,15,quantile,4,3,False,20
sonar,5,0,75,4,15,quantile,4,3,False,27
sonar,5,1,65,4,15,quantile,4,3,False,20
sonar,6,0,75,4,15,quantile,4,3,False,27
sonar,6,1,65,4,15,quantile,4,3,False,20
sonar,7,0,74,4,15,quantile,4,3,False,26
sonar,7,1,66,4,15,quantile,4,3,False,18
sonar,8,0,75,4,15,quantile,4,3,False,24
sonar,8,1,66,4,15,quantile,4,3,False,18
sonar,9,0,75,4,15,quantile,4,3,False,28
sonar,9,1,66,4,15,quantile,4,3,False,18
spambase,0,0,1880,7,15,quantile,10,9,False,1436
spambase,0,1,1223,7,15,quantile,7,6,False,1168
spambase,1,0,1880,7,15,quantile,12,9,False,1089
spambase,1,1,1223,7,15,quantile,7,6,False,1189
spambase,2,0,1880,7,15,quantile,12,11,False,1144
spambase,2,1,1223,7,15,quantile,7,6,False,1119
spambase,3,0,1880,7,15,quantile,11,9,False,1360
spambase,3,1,1223,7,15,quantile,7,6,False,1029
spambase,4,0,1880,7,15,quantile,11,9,False,1095
spambase,4,1,1223,7,15,quantile,7,6,False,1181
spambase,5,0,1880,7,15,quantile,10,8,False,1408
spambase,5,1,1223,7,15,quantile,7,6,False,1152
spambase,6,0,1880,7,15,quantile,10,8,False,1200
spambase,6,1,1223,7,15,quantile,7,6,False,1238
spambase,7,0,1881,7,15,quantile,11,10,False,1397
spambase,7,1,1223,7,15,quantile,7,6,False,974
spambase,8,0,1881,7,15,quantile,10,8,False,1023
spambase,8,1,1223,7,15,quantile,7,6,False,1096
spambase,9,0,1881,7,15,quantile,10,7,False,1450
spambase,9,1,1223,7,15,quantile,7,6,False,1133
texture,0,0,338,5,18,quantile,5,4,False,310
texture,0,1,338,5,18,quantile,5,4,False,315
texture,0,2,338,5,18,quantile,5,4,False,305
texture,0,3,338,5,18,quantile,5,4,False,280
texture,0,4,337,5,18,quantile,5,4,False,310
texture,0,5,337,5,18,quantile,5,4,False,307
texture,0,6,337,5,18,quantile,5,4,False,286
texture,0,7,338,5,18,quantile,5,4,False,308
texture,0,8,337,5,18,quantile,5,4,False,312
texture,0,9,337,5,18,quantile,5,4,False,304
texture,0,10,337,5,18,quantile,5,4,False,289
texture,1,0,338,5,18,quantile,5,4,False,308
texture,1,1,337,5,18,quantile,5,4,False,297
texture,1,2,338,5,18,quantile,5,4,False,306
texture,1,3,338,5,18,quantile,5,4,False,280
texture,1,4,337,5,18,quantile,5,4,False,308
texture,1,5,337,5,18,quantile,5,4,False,305
texture,1,6,337,5,18,quantile,5,4,False,311
texture,1,7,337,5,18,quantile,5,4,False,311
texture,1,8,337,5,18,quantile,5,4,False,228
texture,1,9,338,5,18,quantile,5,4,False,312
texture,1,10,338,5,18,quantile,5,4,False,288
texture,2,0,337,5,18,quantile,5,4,False,299
texture,2,1,337,5,18,quantile,5,4,False,304
texture,2,2,337,5,18,quantile,5,4,False,315
texture,2,3,338,5,18,quantile,5,4,False,248
texture,2,4,338,5,18,quantile,5,4,False,307
texture,2,5,338,5,18,quantile,5,4,False,303
texture,2,6,337,5,18,quantile,5,4,False,312
texture,2,7,338,5,18,quantile,5,4,False,306
texture,2,8,337,5,18,quantile,5,4,False,260
texture,2,9,337,5,18,quantile,5,4,False,307
texture,2,10,338,5,18,quantile,5,4,False,288
texture,3,0,337,5,18,quantile,5,4,False,314
texture,3,1,337,5,18,quantile,5,4,False,315
texture,3,2,338,5,18,quantile,5,4,False,314
texture,3,3,338,5,18,quantile,5,4,False,309
texture,3,4,337,5,18,quantile,5,4,False,306
texture,3,5,338,5,18,quantile,5,4,False,276
texture,3,6,338,5,18,quantile,5,4,False,305
texture,3,7,337,5,18,quantile,5,4,False,301
texture,3,8,337,5,18,quantile,5,4,False,309
texture,3,9,338,5,18,quantile,5,4,False,313
texture,3,10,337,5,18,quantile,5,4,False,298
texture,4,0,337,5,18,quantile,5,4,False,295
texture,4,1,338,5,18,quantile,5,4,False,315
texture,4,2,337,5,18,quantile,5,4,False,312
texture,4,3,338,5,18,quantile,5,4,False,256
texture,4,4,337,5,18,quantile,5,4,False,304
texture,4,5,338,5,18,quantile,5,4,False,269
texture,4,6,337,5,18,quantile,5,4,False,308
texture,4,7,337,5,18,quantile,5,4,False,311
texture,4,8,338,5,18,quantile,5,4,False,277
texture,4,9,337,5,18,quantile,5,4,False,309
texture,4,10,338,5,18,quantile,5,4,False,293
texture,5,0,338,5,18,quantile,5,4,False,313
texture,5,1,338,5,18,quantile,5,4,False,314
texture,5,2,337,5,18,quantile,5,4,False,314
texture,5,3,337,5,18,quantile,5,4,False,312
texture,5,4,337,5,18,quantile,5,4,False,308
texture,5,5,337,5,18,quantile,5,4,False,313
texture,5,6,338,5,18,quantile,5,4,False,310
texture,5,7,337,5,18,quantile,5,4,False,315
texture,5,8,337,5,18,quantile,5,4,False,266
texture,5,9,338,5,18,quantile,5,4,False,313
texture,5,10,338,5,18,quantile,5,4,False,311
texture,6,0,337,5,18,quantile,5,4,False,311
texture,6,1,337,5,18,quantile,5,4,False,313
texture,6,2,338,5,18,quantile,5,4,False,306
texture,6,3,337,5,18,quantile,5,4,False,272
texture,6,4,337,5,18,quantile,5,4,False,315
texture,6,5,338,5,18,quantile,5,4,False,294
texture,6,6,338,5,18,quantile,5,4,False,311
texture,6,7,338,5,18,quantile,5,4,False,309
texture,6,8,337,5,18,quantile,5,4,False,263
texture,6,9,337,5,18,quantile,5,4,False,311
texture,6,10,338,5,18,quantile,5,4,False,306
texture,7,0,337,5,18,quantile,5,4,False,312
texture,7,1,338,5,18,quantile,5,4,False,313
texture,7,2,337,5,18,quantile,5,4,False,306
texture,7,3,337,5,18,quantile,5,4,False,247
texture,7,4,338,5,18,quantile,5,4,False,314
texture,7,5,337,5,18,quantile,5,4,False,302
texture,7,6,338,5,18,quantile,5,4,False,314
texture,7,7,338,5,18,quantile,5,4,False,311
texture,7,8,338,5,18,quantile,5,4,False,312
texture,7,9,337,5,18,quantile,5,4,False,309
texture,7,10,337,5,18,quantile,5,4,False,309
texture,8,0,337,5,18,quantile,5,4,False,313
texture,8,1,337,5,18,quantile,5,4,False,308
texture,8,2,338,5,18,quantile,5,4,False,306
texture,8,3,337,5,18,quantile,5,4,False,296
texture,8,4,338,5,18,quantile,5,4,False,316
texture,8,5,337,5,18,quantile,5,4,False,306
texture,8,6,338,5,18,quantile,5,4,False,282
texture,8,7,337,5,18,quantile,5,4,False,306
texture,8,8,338,5,18,quantile,5,4,False,301
texture,8,9,338,5,18,quantile,5,4,False,308
texture,8,10,337,5,18,quantile,5,4,False,307
texture,9,0,337,5,18,quantile,5,4,False,298
texture,9,1,337,5,18,quantile,5,4,False,301
texture,9,2,338,5,18,quantile,5,4,False,314
texture,9,3,337,5,18,quantile,5,4,False,291
texture,9,4,338,5,18,quantile,5,4,False,308
texture,9,5,338,5,18,quantile,5,4,False,307
texture,9,6,337,5,18,quantile,5,4,False,284
texture,9,7,337,5,18,quantile,5,4,False,309
texture,9,8,338,5,18,quantile,5,4,False,258
texture,9,9,338,5,18,quantile,5,4,False,294
texture,9,10,337,5,18,quantile,5,4,False,314
twonorm,0,0,2499,8,24,quantile,8,7,False,2849
twonorm,0,1,2496,8,24,quantile,8,7,False,2849
twonorm,1,0,2499,8,24,quantile,8,7,False,2853
twonorm,1,1,2496,8,24,quantile,8,7,False,2848
twonorm,2,0,2499,8,24,quantile,8,7,False,2854
twonorm,2,1,2496,8,24,quantile,8,7,False,2845
twonorm,3,0,2500,8,24,quantile,8,7,False,2850
twonorm,3,1,2495,8,24,quantile,8,7,False,2848
twonorm,4,0,2500,8,24,quantile,8,7,False,2853
twonorm,4,1,2495,8,24,quantile,8,7,False,2844
twonorm,5,0,2500,8,24,quantile,8,7,False,2853
twonorm,5,1,2495,8,24,quantile,8,7,False,2831
twonorm,6,0,2500,8,24,quantile,8,7,False,2853
twonorm,6,1,2495,8,24,quantile,8,7,False,2846
twonorm,7,0,2500,8,24,quantile,8,7,False,2849
twonorm,7,1,2495,8,24,quantile,8,7,False,2847
twonorm,8,0,2500,8,24,quantile,8,7,False,2845
twonorm,8,1,2495,8,24,quantile,8,7,False,2848
twonorm,9,0,2500,8,24,quantile,8,7,False,2853
twonorm,9,1,2495,8,24,quantile,8,7,False,2846
waveform,0,0,1142,7,16,uniform,7,6,False,1324
waveform,0,1,1116,7,16,quantile,7,6,False,1243
waveform,0,2,1117,7,16,uniform,7,6,False,1282
waveform,1,0,1142,7,16,uniform,7,6,False,1333
waveform,1,1,1116,7,16,uniform,7,6,False,1278
waveform,1,2,1117,7,16,uniform,7,6,False,1301
waveform,2,0,1142,7,16,uniform,7,6,False,1322
waveform,2,1,1116,7,16,quantile,7,6,False,1240
waveform,2,2,1117,7,16,quantile,7,6,False,1245
waveform,3,0,1142,7,16,uniform,7,6,False,1332
waveform,3,1,1116,7,16,quantile,7,6,False,1243
waveform,3,2,1117,7,16,uniform,7,6,False,1278
waveform,4,0,1142,7,16,uniform,7,6,False,1332
waveform,4,1,1116,7,16,uniform,7,6,False,1301
waveform,4,2,1117,7,16,uniform,7,6,False,1295
waveform,5,0,1141,7,16,uniform,7,6,False,1328
waveform,5,1,1116,7,16,uniform,7,6,False,1257
waveform,5,2,1118,7,16,uniform,7,6,False,1292
waveform,6,0,1141,7,16,uniform,7,6,False,1311
waveform,6,1,1116,7,16,quantile,7,6,False,1242
waveform,6,2,1118,7,16,uniform,7,6,False,1286
waveform,7,0,1142,7,16,uniform,7,6,False,1310
waveform,7,1,1115,7,16,quantile,7,6,False,1243
waveform,7,2,1118,7,16,uniform,7,6,False,1296
waveform,8,0,1142,7,16,uniform,7,6,False,1326
waveform,8,1,1115,7,16,uniform,7,6,False,1294
waveform,8,2,1118,7,16,uniform,7,6,False,1286
waveform,9,0,1142,7,16,uniform,7,6,False,1317
waveform,9,1,1115,7,16,quantile,7,6,False,1242
waveform,9,2,1118,7,16,uniform,7,6,False,1297
wdbc,0,0,242,5,15,quantile,5,4,False,214
wdbc,0,1,142,5,15,quantile,5,4,False,94
wdbc,1,0,242,5,15,quantile,5,4,False,215
wdbc,1,1,142,5,15,quantile,5,4,False,94
wdbc,2,0,241,5,15,quantile,5,4,False,215
wdbc,2,1,143,5,15,quantile,5,4,False,95
wdbc,3,0,241,5,15,quantile,5,4,False,214
wdbc,3,1,143,5,15,quantile,5,4,False,94
wdbc,4,0,241,5,15,quantile,5,4,False,216
wdbc,4,1,143,5,15,quantile,5,4,False,96
wdbc,5,0,241,5,15,quantile,5,4,False,215
wdbc,5,1,143,5,15,quantile,5,4,False,92
wdbc,6,0,241,5,15,quantile,5,4,False,215
wdbc,6,1,143,5,15,quantile,5,4,False,96
wdbc,7,0,241,5,15,quantile,5,4,False,216
wdbc,7,1,143,5,15,quantile,5,4,False,93
wdbc,8,0,241,5,15,quantile,5,4,False,215
wdbc,8,1,143,5,15,quantile,5,4,False,93
wdbc,9,0,242,5,15,quantile,5,4,False,213
wdbc,9,1,143,5,15,quantile,5,4,False,96
wine,0,0,41,4,15,quantile,1,0,True,0
wine,0,1,47,4,15,quantile,1,0,True,0
wine,0,2,32,4,15,quantile,1,0,True,0
wine,1,0,40,4,15,quantile,1,0,True,0
wine,1,1,48,4,15,quantile,1,0,True,0
wine,1,2,32,4,15,quantile,1,0,True,0
wine,2,0,40,4,15,quantile,1,0,True,0
wine,2,1,48,4,15,quantile,1,0,True,0
wine,2,2,32,4,15,quantile,1,0,True,0
wine,3,0,40,4,15,quantile,1,0,True,0
wine,3,1,48,4,15,quantile,1,0,True,0
wine,3,2,32,4,15,quantile,1,0,True,0
wine,4,0,40,4,15,quantile,1,0,True,0
wine,4,1,48,4,15,quantile,1,0,True,0
wine,4,2,33,4,15,quantile,1,0,True,0
wine,5,0,40,4,15,quantile,1,0,True,0
wine,5,1,48,4,15,quantile,1,0,True,0
wine,5,2,33,4,15,quantile,1,0,True,0
wine,6,0,40,4,15,quantile,1,0,True,0
wine,6,1,48,4,15,quantile,1,0,True,0
wine,6,2,32,4,15,quantile,1,0,True,0
wine,7,0,40,4,15,quantile,1,0,True,0
wine,7,1,48,4,15,quantile,1,0,True,0
wine,7,2,32,4,15,quantile,1,0,True,0
wine,8,0,40,4,15,quantile,1,0,True,0
wine,8,1,48,4,15,quantile,1,0,True,0
wine,8,2,32,4,15,quantile,1,0,True,0
wine,9,0,40,4,15,quantile,1,0,True,0
wine,9,1,48,4,15,quantile,1,0,True,0
wine,9,2,32,4,15,quantile,1,0,True,0
