acc_1nn,class_counts,cpu_select,cpu_total,cpu_tuning,dataset,fold,lvq3_params,method,n_outer_folds,n_proto,n_test,n_train,reduction,seed,spine_params
0.9653679653679653,,0.00019599999905040022,0.00019599999905040022,0.0,segment,3,,Full,10,2079,231,2079,0.0,1965437218,
0.9696969696969697,,0.22629000000051747,0.22629000000051747,0.0,segment,3,,RSP3,10,385,231,2079,0.8148148148148149,1965437218,
0.9264069264069265,,3.3874890000006417,3.3874890000006417,0.0,segment,3,,SPINE+1NN,10,385,231,2079,0.8148148148148149,1965437218,"{""admission"": {""criterion"": ""risk"", ""removed_risk"": 2, ""removed_support"": 0}, ""betti_final"": [[1, 0], [1, 0], [1, 0], [1, 0], [3, 0], [1, 0], [1, 1]], ""betti_frozen"": [[1, 0], [1, 0], [1, 0], [1, 0], [3, 0], [1, 0], [1, 1]], ""betti_nerve"": [[1, 1], [1, 0], [1, 0], [1, 0], [2, 0], [1, 0], [1, 1]], ""boundary_restriction"": ""both"", ""forced_removals"": 0, ""growth_representation_fallbacks"": 352, ""invariant_held"": true, ""n_segments"": 377, ""n_train_fit"": 1559, ""n_val"": 520, ""phase0"": [{""constant_lens"": false, ""gain"": 0.25, ""lens"": ""pc1"", ""lens_scaling"": ""standardize"", ""min_cluster_size"": 15, ""min_samples"": 5, ""n_class"": 223, ""n_edges"": 6, ""n_intervals"": 5, ""n_vertices"": 6, ""noise_reassigned"": 109, ""placement"": ""quantile"", ""slabs"": [{""k"": 1, ""n"": 50}, {""k"": 1, ""n"": 56}, {""k"": 1, ""n"": 55}, {""k"": 2, ""n"": 56}, {""k"": 1, ""n"": 50}]}, {""constant_lens"": false, ""gain"": 0.25, ""lens"": ""pc1"", ""lens_scaling"": ""standardize"", ""min_cluster_size"": 15, ""min_samples"": 5, ""n_class"": 222, ""n_edges"": 4, ""n_intervals"": 5, ""n_vertices"": 5, ""noise_reassigned"": 146, ""placement"": ""quantile"", ""slabs"": [{""k"": 1, ""n"": 50}, {""k"": 1, ""n"": 55}, {""k"": 1, ""n"": 55}, {""k"": 1, ""n"": 55}, {""k"": 1, ""n"": 50}]}, {""constant_lens"": false, ""gain"": 0.25, ""lens"": ""pc1"", ""lens_scaling"": ""standardize"", ""min_cluster_size"": 15, ""min_samples"": 5, ""n_class"": 223, ""n_edges"": 4, ""n_intervals"": 5, ""n_vertices"": 5, ""noise_reassigned"": 192, ""placement"": ""quantile"", ""slabs"": [{""k"": 1, ""n"": 50}, {""k"": 1, ""n"": 56}, {""k"": 1, ""n"": 55}, {""k"": 1, ""n"": 55}, {""k"": 1, ""n"": 51}]}, {""constant_lens"": false, ""gain"": 0.25, ""lens"": ""pc1"", ""lens_scaling"": ""standardize"", ""min_cluster_size"": 15, ""min_samples"": 5, ""n_class"": 222, ""n_edges"": 4, ""n_intervals"": 5, ""n_vertices"": 5, ""noise_reassigned"": 187, ""placement"": ""quantile"", ""slabs"": [{""k"": 1, ""n"": 50}, {""k"": 1, ""n"": 55}, {""k"": 1, ""n"": 56}, {""k"": 1, ""n"": 55}, {""k"": 1, ""n"": 50}]}, {""constant_lens"": false, ""gain"": 0.25, ""lens"": ""pc1"", ""lens_scaling"": ""standardize"", ""min_cluster_size"": 15, ""min_samples"": 5, ""n_class"": 223, ""n_edges"": 4, ""n_intervals"": 5, ""n_vertices"": 6, ""noise_reassigned"": 162, ""placement"": ""quantile"", ""slabs"": [{""k"": 2, ""n"": 51}, {""k"": 1, ""n"": 56}, {""k"": 1, ""n"": 55}, {""k"": 1, ""n"": 56}, {""k"": 1, ""n"": 50}]}, {""constant_lens"": false, ""gain"": 0.25, ""lens"": ""pc1"", ""lens_scaling"": ""standardize"", ""min_cluster_size"": 15, ""min_samples"": 5, ""n_class"": 223, ""n_edges"": 4, ""n_intervals"": 5, ""n_vertices"": 5, ""noise_reassigned"": 185, ""placement"": ""quantile"", ""slabs"": [{""k"": 1, ""n"": 50}, {""k"": 1, ""n"": 56}, {""k"": 1, ""n"": 55}, {""k"": 1, ""n"": 56}, {""k"": 1, ""n"": 50}]}, {""constant_lens"": false, ""gain"": 0.25, ""lens"": ""pc1"", ""lens_scaling"": ""standardize"", ""min_cluster_size"": 15, ""min_samples"": 5, ""n_class"": 223, ""n_edges"": 6, ""n_intervals"": 5, ""n_vertices"": 6, ""noise_reassigned"": 136, ""placement"": ""quantile"", ""slabs"": [{""k"": 1, ""n"": 50}, {""k"": 1, ""n"": 56}, {""k"": 2, ""n"": 55}, {""k"": 1, ""n"": 56}, {""k"": 1, ""n"": 50}]}], ""soundness_bound_holds"": true, ""step_rule"": ""scale_free"", ""topology_retention_nerve_to_frozen"": {""beta0_frozen"": 9, ""beta0_nerve"": 8, ""beta1_frozen"": 1, ""beta1_nerve"": 2}}"
0.935064935064935,,3.3874890000006417,3.3874890000006417,0.0,segment,3,,SPINE+Graph,10,385,231,2079,0.8148148148148149,1965437218,"{""admission"": {""criterion"": ""risk"", ""removed_risk"": 2, ""removed_support"": 0}, ""betti_final"": [[1, 0], [1, 0], [1, 0], [1, 0], [3, 0], [1, 0], [1, 1]], ""betti_frozen"": [[1, 0], [1, 0], [1, 0], [1, 0], [3, 0], [1, 0], [1, 1]], ""betti_nerve"": [[1, 1], [1, 0], [1, 0], [1, 0], [2, 0], [1, 0], [1, 1]], ""boundary_restriction"": ""both"", ""forced_removals"": 0, ""growth_representation_fallbacks"": 352, ""invariant_held"": true, ""n_segments"": 377, ""n_train_fit"": 1559, ""n_val"": 520, ""phase0"": [{""constant_lens"": false, ""gain"": 0.25, ""lens"": ""pc1"", ""lens_scaling"": ""standardize"", ""min_cluster_size"": 15, ""min_samples"": 5, ""n_class"": 223, ""n_edges"": 6, ""n_intervals"": 5, ""n_vertices"": 6, ""noise_reassigned"": 109, ""placement"": ""quantile"", ""slabs"": [{""k"": 1, ""n"": 50}, {""k"": 1, ""n"": 56}, {""k"": 1, ""n"": 55}, {""k"": 2, ""n"": 56}, {""k"": 1, ""n"": 50}]}, {""constant_lens"": false, ""gain"": 0.25, ""lens"": ""pc1"", ""lens_scaling"": ""standardize"", ""min_cluster_size"": 15, ""min_samples"": 5, ""n_class"": 222, ""n_edges"": 4, ""n_intervals"": 5, ""n_vertices"": 5, ""noise_reassigned"": 146, ""placement"": ""quantile"", ""slabs"": [{""k"": 1, ""n"": 50}, {""k"": 1, ""n"": 55}, {""k"": 1, ""n"": 55}, {""k"": 1, ""n"": 55}, {""k"": 1, ""n"": 50}]}, {""constant_lens"": false, ""gain"": 0.25, ""lens"": ""pc1"", ""lens_scaling"": ""standardize"", ""min_cluster_size"": 15, ""min_samples"": 5, ""n_class"": 223, ""n_edges"": 4, ""n_intervals"": 5, ""n_vertices"": 5, ""noise_reassigned"": 192, ""placement"": ""quantile"", ""slabs"": [{""k"": 1, ""n"": 50}, {""k"": 1, ""n"": 56}, {""k"": 1, ""n"": 55}, {""k"": 1, ""n"": 55}, {""k"": 1, ""n"": 51}]}, {""constant_lens"": false, ""gain"": 0.25, ""lens"": ""pc1"", ""lens_scaling"": ""standardize"", ""min_cluster_size"": 15, ""min_samples"": 5, ""n_class"": 222, ""n_edges"": 4, ""n_intervals"": 5, ""n_vertices"": 5, ""noise_reassigned"": 187, ""placement"": ""quantile"", ""slabs"": [{""k"": 1, ""n"": 50}, {""k"": 1, ""n"": 55}, {""k"": 1, ""n"": 56}, {""k"": 1, ""n"": 55}, {""k"": 1, ""n"": 50}]}, {""constant_lens"": false, ""gain"": 0.25, ""lens"": ""pc1"", ""lens_scaling"": ""standardize"", ""min_cluster_size"": 15, ""min_samples"": 5, ""n_class"": 223, ""n_edges"": 4, ""n_intervals"": 5, ""n_vertices"": 6, ""noise_reassigned"": 162, ""placement"": ""quantile"", ""slabs"": [{""k"": 2, ""n"": 51}, {""k"": 1, ""n"": 56}, {""k"": 1, ""n"": 55}, {""k"": 1, ""n"": 56}, {""k"": 1, ""n"": 50}]}, {""constant_lens"": false, ""gain"": 0.25, ""lens"": ""pc1"", ""lens_scaling"": ""standardize"", ""min_cluster_size"": 15, ""min_samples"": 5, ""n_class"": 223, ""n_edges"": 4, ""n_intervals"": 5, ""n_vertices"": 5, ""noise_reassigned"": 185, ""placement"": ""quantile"", ""slabs"": [{""k"": 1, ""n"": 50}, {""k"": 1, ""n"": 56}, {""k"": 1, ""n"": 55}, {""k"": 1, ""n"": 56}, {""k"": 1, ""n"": 50}]}, {""constant_lens"": false, ""gain"": 0.25, ""lens"": ""pc1"", ""lens_scaling"": ""standardize"", ""min_cluster_size"": 15, ""min_samples"": 5, ""n_class"": 223, ""n_edges"": 6, ""n_intervals"": 5, ""n_vertices"": 6, ""noise_reassigned"": 136, ""placement"": ""quantile"", ""slabs"": [{""k"": 1, ""n"": 50}, {""k"": 1, ""n"": 56}, {""k"": 2, ""n"": 55}, {""k"": 1, ""n"": 56}, {""k"": 1, ""n"": 50}]}], ""soundness_bound_holds"": true, ""step_rule"": ""scale_free"", ""topology_retention_nerve_to_frozen"": {""beta0_frozen"": 9, ""beta0_nerve"": 8, ""beta1_frozen"": 1, ""beta1_nerve"": 2}}"
0.935064935064935,,0.06333799999993062,0.06333799999993062,0.0,segment,3,,RHC,10,171,231,2079,0.9177489177489178,1965437218,
0.9393939393939394,"{""0"": 55, ""1"": 55, ""2"": 55, ""3"": 55, ""4"": 55, ""5"": 55, ""6"": 55}",0.2679840000000695,0.2679840000000695,0.0,segment,3,,KMeans,10,385,231,2079,0.8148148148148149,1965437218,
0.9134199134199135,"{""0"": 55, ""1"": 55, ""2"": 55, ""3"": 55, ""4"": 55, ""5"": 55, ""6"": 55}",0.00016800000048533548,0.00016800000048533548,0.0,segment,3,,Random,10,385,231,2079,0.8148148148148149,1965437218,
0.935064935064935,,1.899980999998661,30.463174999998955,28.563194000000294,segment,3,"{""epsilon"": 0.1, ""window"": 0.3}",LVQ3,10,385,231,2079,0.8148148148148149,1965437218,
0.9307359307359307,,0.31730900000002293,0.31730900000002293,0.0,segment,3,,SPOT,10,385,231,2079,0.8148148148148149,1965437218,
0.8831168831168831,,24.65834899999936,24.65834899999936,0.0,segment,3,,GLVQ,10,385,231,2079,0.8148148148148149,1965437218,
0.9437229437229437,,3.8253349999995407,3.8253349999995407,0.0,segment,3,,GNG,10,385,231,2079,0.8148148148148149,1965437218,
